ID,Name,Form,Type1,Type2,Total,HP,Attack,Defense,Sp. Atk,Sp. Def,Speed,Generation,Cluster,PCA1,PCA2
1,Bulbasaur,,Grass,Poison,318,45,49,49,65,65,45,1,3,-1.4976111046908578,0.0851621373480176
2,Ivysaur,,Grass,Poison,405,60,62,63,80,80,60,1,1,-0.25028529144504424,0.20105406059569725
3,Venusaur,,Grass,Poison,525,80,82,83,100,100,80,1,4,1.4698346944434022,0.3196930310454491
4,Charmander,,Fire,,309,39,52,43,60,50,65,1,3,-1.7448039995617304,0.7121152196951156
5,Charmeleon,,Fire,,405,58,64,58,80,65,80,1,1,-0.361548210473262,0.8611609149091037
6,Charizard,,Fire,Flying,534,78,84,78,109,85,100,1,4,1.4907094093270692,1.0952946670888295
7,Squirtle,,Water,,314,44,48,65,50,64,43,1,3,-1.570867121847135,-0.45536529861783076
8,Wartortle,,Water,,405,59,63,80,65,80,58,1,2,-0.2640030047461215,-0.37098013023329485
9,Blastoise,,Water,,530,79,83,100,85,105,78,1,4,1.5399876195657203,-0.2753114570474327
10,Caterpie,,Bug,,195,45,30,35,20,20,45,1,3,-3.3799613223047396,0.05750864188189777
11,Metapod,,Bug,,205,50,20,55,25,25,30,1,3,-3.178026524446286,-0.6419608899160594
12,Butterfree,,Bug,Flying,395,60,45,50,90,80,70,1,1,-0.4224293140557492,0.8925010547180015
13,Weedle,,Bug,Poison,195,40,35,30,20,20,50,1,3,-3.4010877466825007,0.27855345506131507
14,Kakuna,,Bug,Poison,205,45,25,50,25,25,35,1,3,-3.1991529488240475,-0.4209160767366421
15,Beedrill,,Bug,Poison,395,65,90,40,45,80,75,1,1,-0.4261581769600077,0.4451505321892322
16,Pidgey,,Normal,Flying,251,40,45,40,35,35,56,1,3,-2.5850702005436133,0.31860689297074163
17,Pidgeotto,,Normal,Flying,349,63,60,55,50,50,71,1,3,-1.1675534289228409,0.37693152168162464
18,Pidgeot,,Normal,Flying,479,83,80,75,70,70,101,1,1,0.6576650671928489,0.7425149085997798
19,Rattata,,Normal,,253,30,56,35,25,35,72,1,3,-2.6291348196890096,0.6796621548396425
20,Raticate,,Normal,,413,55,81,60,50,70,97,1,1,-0.31124356048166096,0.7820202733740527
21,Spearow,,Normal,Flying,262,40,60,30,31,31,70,1,3,-2.47856220207258,0.769484595197589
22,Fearow,,Normal,Flying,442,65,90,65,61,61,100,1,1,0.08927229190892327,0.8694720293148294
23,Ekans,,Poison,,288,35,60,44,40,54,55,1,3,-2.009479624357212,0.1560941004331447
24,Arbok,,Poison,,448,60,95,69,65,79,80,1,1,0.2871949848293426,0.26695948245491297
25,Pikachu,,Electric,,320,35,55,40,50,50,90,1,3,-1.6890110726994334,1.2635241134685309
26,Raichu,,Electric,,485,60,90,55,90,80,110,1,1,0.7246218015968202,1.6146985848983113
27,Sandshrew,,Ground,,300,50,75,85,20,30,40,1,3,-1.852804200710728,-1.270814735130069
28,Sandslash,,Ground,,450,75,100,110,45,55,65,1,0,0.29734578164982955,-1.1225160220678791
30,Nidorina,,Poison,,365,70,62,67,55,55,56,1,3,-0.8656063897646549,-0.21971342352819506
31,Nidoqueen,,Poison,Ground,505,90,92,87,75,85,76,1,0,1.1687794997965797,-0.18444837864664437
33,Nidorino,,Poison,,365,61,72,57,55,55,65,1,3,-0.9024407417673473,0.1938499362929951
34,Nidoking,,Poison,Ground,505,81,102,77,85,75,85,1,1,1.1110234641825234,0.4033831109578518
35,Clefairy,,Fairy,,323,70,45,48,60,65,35,1,3,-1.3499798186826673,-0.2873423073997955
36,Clefable,,Fairy,,483,95,70,73,95,90,60,1,4,0.9469897569133177,-0.010716059082079376
37,Vulpix,,Fire,,299,38,41,40,50,65,65,1,3,-1.8574948672270872,0.6181633692900315
38,Ninetales,,Fire,,505,73,76,75,81,100,100,1,1,1.0939872707835225,0.7744505534748868
39,Jigglypuff,,Normal,Fairy,270,115,45,20,45,25,20,1,3,-2.058905453912882,-0.2949911592968668
40,Wigglytuff,,Normal,Fairy,435,140,70,45,85,50,45,1,0,0.3114739183008169,0.04579885664861274
41,Zubat,,Poison,Flying,245,40,45,35,30,40,55,1,3,-2.652415463787264,0.30390853244365523
42,Golbat,,Poison,Flying,455,75,80,70,65,75,90,1,1,0.35779451151751673,0.511526730730721
43,Oddish,,Grass,Poison,320,45,50,55,75,65,30,1,3,-1.4130313092817661,-0.2772264604167916
44,Gloom,,Grass,Poison,395,60,65,70,85,75,40,1,3,-0.33277101002016274,-0.3529129111775526
45,Vileplume,,Grass,Poison,490,75,80,85,110,90,50,1,4,1.0515893175179778,-0.259078356318914
46,Paras,,Bug,Grass,285,35,70,55,45,55,25,1,3,-1.9400148450520152,-0.776289093062597
47,Parasect,,Bug,Grass,405,60,95,80,60,80,30,1,2,-0.1468814763813723,-1.2502067481927401
48,Venonat,,Bug,Poison,305,60,55,50,40,55,45,1,3,-1.6921021210919773,-0.28907950745161093
49,Venomoth,,Bug,Poison,450,70,65,60,90,75,90,1,1,0.2908223074361001,1.1019149819070024
50,Diglett,,Ground,,265,10,55,25,35,45,95,1,3,-2.540659302331041,1.6046613763876505
51,Dugtrio,,Ground,,425,35,100,50,50,70,120,1,1,-0.24427965955391706,1.549765892113471
52,Meowth,,Normal,,290,40,45,35,40,40,90,1,3,-2.137751084756484,1.2965415253385935
53,Persian,,Normal,,440,65,70,60,65,65,115,1,1,0.012398897604074014,1.4448402384007832
54,Psyduck,,Water,,320,50,52,48,65,50,55,1,3,-1.5339846336135499,0.39005435104422614
55,Golduck,,Water,,500,80,82,78,95,80,85,1,1,1.0461953452191195,0.5680128067188538
56,Mankey,,Fighting,,305,40,80,35,35,45,70,1,3,-1.8246510695142995,0.5845019688686581
57,Primeape,,Fighting,,455,65,105,60,60,70,95,1,1,0.32549891284625815,0.732800681930848
58,Growlithe,,Fire,,350,55,70,45,70,50,60,1,3,-1.105017267133611,0.549429294186257
59,Arcanine,,Fire,,555,90,110,80,100,80,95,1,1,1.8211745865430593,0.6971373565892386
60,Poliwag,,Water,,300,40,50,40,40,40,90,1,3,-1.9971925173168767,1.1806947138069757
61,Poliwhirl,,Water,,385,65,65,65,50,50,90,1,1,-0.7281547424737537,0.6254853056469586
62,Poliwrath,,Water,Fighting,510,90,95,95,70,90,70,1,0,1.2678126299562873,-0.586387326349717
63,Abra,,Psychic,,310,25,20,15,105,55,90,1,3,-1.8062336132607635,2.601340897716585
64,Kadabra,,Psychic,,400,40,35,30,120,70,105,1,1,-0.5161436238444294,2.6903201255538987
65,Alakazam,,Psychic,,500,55,50,45,135,95,120,1,1,0.9416876424186964,2.733358758863433
66,Machop,,Fighting,,305,70,80,50,35,35,35,1,3,-1.6804979368099768,-0.6402080790013107
67,Machoke,,Fighting,,405,80,100,70,50,60,45,1,0,-0.21429909709864006,-0.8173293410035766
68,Machamp,,Fighting,,505,90,130,80,65,85,55,1,0,1.2638318613854778,-0.83762364202345
69,Bellsprout,,Grass,Poison,300,50,75,35,70,30,40,1,3,-1.7916687747996718,0.34212440126163207
70,Weepinbell,,Grass,Poison,390,65,90,50,85,45,55,1,3,-0.5015787853833373,0.43110362909894595
71,Victreebel,,Grass,Poison,490,80,105,65,100,70,70,1,1,0.9562524808797884,0.47414226240848023
72,Tentacool,,Water,Poison,335,40,40,35,50,100,70,1,3,-1.2679431643077947,0.6740533260108457
73,Tentacruel,,Water,Poison,515,80,70,65,80,120,100,1,4,1.3037790154336306,0.8596341273052146
74,Geodude,,Rock,Ground,300,40,80,100,30,30,20,1,3,-1.800314030192512,-1.9081648874577424
75,Graveler,,Rock,Ground,390,55,95,115,45,45,35,1,2,-0.5102240407761773,-1.8191856596204286
76,Golem,,Rock,Ground,495,80,120,130,55,65,45,1,2,1.0435856399137617,-2.0165642848574294
77,Ponyta,,Fire,,410,50,85,55,65,65,90,1,1,-0.33678190838496863,0.9259367200426074
78,Rapidash,,Fire,,500,65,100,70,80,80,105,1,1,0.953308081031366,1.0149159478799215
79,Slowpoke,,Water,Psychic,315,90,65,65,40,40,15,1,3,-1.4327457448714314,-1.4047803808639097
80,Slowbro,,Water,Psychic,490,95,75,110,100,80,30,1,2,1.1086173392124086,-1.3789246923363687
81,Magnemite,,Electric,Steel,325,25,35,70,95,55,45,1,3,-1.4659507679871022,0.23718188566713475
82,Magneton,,Electric,Steel,465,50,60,95,120,70,70,1,4,0.5164579375266642,0.43142119325710426
83,Farfetch'd,,Normal,Flying,377,52,90,55,58,62,60,1,3,-0.7000545284214282,0.08267605901504435
84,Doduo,,Normal,Flying,310,35,85,45,35,35,75,1,3,-1.8116300086590273,0.5600969385416341
85,Dodrio,,Normal,Flying,470,60,110,70,60,60,110,1,1,0.44361848392877373,0.9553400680722275
86,Seel,,Water,,325,65,45,55,45,70,45,1,3,-1.3666670431256918,-0.372682571040522
87,Dewgong,,Water,Ice,475,90,70,80,70,95,70,1,4,0.7834829392348659,-0.2243838579783321
88,Grimer,,Poison,,325,80,80,50,40,50,25,1,3,-1.301291257393773,-0.930217868541659
89,Muk,,Poison,,500,105,105,75,65,100,50,1,0,1.268211917083763,-0.8967706417989184
90,Shellder,,Water,,305,30,65,100,45,25,40,1,3,-1.8328286763028216,-1.1043462089050853
91,Cloyster,,Water,Ice,525,50,95,180,85,45,70,1,2,1.2401086814290185,-1.6851028346531822
92,Gastly,,Ghost,Poison,310,30,35,30,100,35,80,1,3,-1.81890703260271,2.0154143436271053
93,Haunter,,Ghost,Poison,405,45,50,45,115,55,95,1,1,-0.44494640476297975,2.0814232742005294
94,Gengar,,Ghost,Poison,500,60,65,60,130,75,110,1,1,0.9290142230767505,2.1474322047739536
95,Onix,,Rock,Ground,385,35,45,160,30,45,70,1,2,-0.808132448235572,-1.7577396659487836
96,Drowzee,,Psychic,,328,60,48,45,43,90,42,1,3,-1.262354820030559,-0.36212317492300083
97,Hypno,,Psychic,,483,85,73,70,73,115,67,1,4,0.9612049589477125,-0.14966069423304781
98,Krabby,,Water,,325,30,105,90,25,25,50,1,3,-1.5698633532956612,-1.069529895086607
99,Kingler,,Water,,475,55,130,115,50,50,75,1,0,0.5802866290648961,-0.9212311820244173
100,Voltorb,,Electric,,330,40,30,50,55,55,100,1,3,-1.578709447565083,1.4318259114250282
101,Electrode,,Electric,,490,60,50,70,80,80,150,1,1,0.6139865040462036,2.3324916016438637
102,Exeggcute,,Grass,Psychic,325,60,40,80,60,45,40,1,3,-1.4347628826608814,-0.6365869301547895
103,Exeggutor,,Grass,Psychic,530,95,95,85,125,75,55,1,4,1.6111099429646443,-0.006990447786463014
104,Cubone,,Ground,,320,50,50,95,40,50,35,1,3,-1.5079507746716885,-1.3301900263305373
105,Marowak,,Ground,,425,60,80,110,50,80,45,1,2,0.04793727964471914,-1.534748538253471
106,Hitmonlee,,Fighting,,455,50,120,53,35,110,87,1,1,0.4319831969314823,0.16797351372358627
107,Hitmonchan,,Fighting,,455,50,105,79,35,110,76,1,2,0.44652841638088125,-0.5525921070903413
108,Lickitung,,Normal,,385,90,55,75,60,75,30,1,3,-0.4062964428687224,-1.0953277274798732
109,Koffing,,Poison,,340,40,65,95,60,45,35,1,3,-1.2376787641407805,-1.0683964062081885
110,Weezing,,Poison,,490,65,90,120,85,70,60,1,2,0.9124712182197771,-0.9200976931459989
111,Rhyhorn,,Ground,Rock,345,80,85,95,30,30,25,1,3,-1.1046648046703107,-1.8595521943644993
112,Rhydon,,Ground,Rock,485,105,130,120,45,45,40,1,0,0.9188750510327787,-2.1154515005793026
113,Chansey,,Normal,,450,250,5,5,35,105,50,1,0,0.8138403786238259,-0.12618279943203525
114,Tangela,,Grass,,435,65,55,115,100,40,60,1,2,0.049344329614947016,-0.36163780202648776
115,Kangaskhan,,Normal,,490,105,95,80,40,80,90,1,0,0.9068460484111971,-0.19762743997954688
116,Horsea,,Water,,295,30,40,70,70,25,60,1,3,-2.0256717639844073,0.38672566584003276
117,Seadra,,Water,,440,55,65,95,95,45,85,1,1,0.04060757995275494,0.5579946761661124
118,Goldeen,,Water,,320,45,67,60,35,50,63,1,3,-1.5887083941129563,-0.0674759440816199
119,Seaking,,Water,,450,80,92,65,65,80,68,1,0,0.39862346448333824,-0.02167025845477438
120,Staryu,,Water,,340,30,45,55,70,55,85,1,3,-1.3883281065427506,1.1389386959417123
121,Starmie,,Water,Psychic,520,60,75,85,100,85,115,1,1,1.191851872289919,1.3168971516163401
122,Mr. Mime,,Psychic,Fairy,460,40,45,65,100,120,90,1,4,0.48887421359006056,1.1162011045810725
123,Scyther,,Bug,Flying,500,70,110,80,55,80,105,1,1,0.947017971699784,0.4432443622238506
124,Jynx,,Ice,Psychic,455,65,50,35,115,95,95,1,1,0.4099931500820632,2.0152846902961468
125,Electabuzz,,Electric,,490,65,83,57,95,85,105,1,1,0.8333459832345267,1.5006119958976958
126,Magmar,,Fire,,495,65,95,57,100,85,93,1,1,0.9564671197707446,1.2235224665148692
127,Pinsir,,Bug,,500,65,125,100,55,70,85,1,0,0.9784098918661602,-0.4302153323374171
128,Tauros,,Normal,,490,75,100,95,40,70,110,1,1,0.7466024342450746,0.14704963065472393
129,Magikarp,,Water,,200,20,10,55,15,20,80,1,3,-3.50759926506153,0.6397920321988585
130,Gyarados,,Water,Flying,540,95,125,79,60,100,81,1,0,1.7082102812882378,-0.3096592483565611
131,Lapras,,Water,Ice,535,130,85,80,85,95,60,1,0,1.7555346701219483,-0.488259963756233
132,Ditto,,Normal,,288,48,48,48,48,48,48,1,3,-1.9811617009237137,0.030861550685281243
133,Eevee,,Normal,,325,55,55,50,45,65,55,1,3,-1.425494276278002,-0.004752793429204758
134,Vaporeon,,Water,,525,130,65,60,110,95,65,1,4,1.6128986385657125,0.4194183287432554
135,Jolteon,,Electric,,525,65,65,60,110,95,130,1,1,1.2606963496317387,2.2736256536901287
136,Flareon,,Fire,,525,65,130,60,95,110,65,1,4,1.5613486329406812,0.16376810020780774
137,Porygon,,Normal,,395,65,60,70,85,75,40,1,3,-0.32639158455538764,-0.35335537011136114
138,Omanyte,,Rock,Water,355,35,40,100,90,55,35,1,3,-1.008135759503865,-0.713742088925723
139,Omastar,,Rock,Water,495,70,60,125,115,70,55,1,2,1.0077448552388288,-0.662576572957783
140,Kabuto,,Rock,Water,355,30,80,90,55,45,55,1,3,-1.107684331847167,-0.5593729425403318
141,Kabutops,,Rock,Water,495,60,115,105,65,70,80,1,0,0.9138101183108035,-0.46589769583305846
142,Aerodactyl,,Rock,Flying,515,80,105,65,60,75,130,1,1,1.0834358077249358,1.4195283229329052
143,Snorlax,,Normal,,540,160,110,65,65,110,30,1,0,2.040485106491359,-1.4718068117551142
144,Articuno,,Ice,Flying,580,90,85,100,95,125,85,1,4,2.300375474550102,-0.11564075932651034
145,Zapdos,,Electric,Flying,580,90,90,85,125,90,100,1,4,2.1827611019666553,1.0732243245039126
146,Moltres,,Fire,Flying,580,90,100,90,125,85,90,1,4,2.2076128341686214,0.7146867282475705
147,Dratini,,Dragon,,300,41,64,45,50,50,50,1,3,-1.814666608785074,0.12193535430230801
148,Dragonair,,Dragon,,420,61,84,65,70,70,70,1,1,-0.09454662289662784,0.2405743247520599
149,Dragonite,,Dragon,Flying,600,91,134,95,100,100,80,1,0,2.5684855891335485,-0.15022271459096206
150,Mewtwo,,Psychic,,680,106,110,90,154,90,130,1,4,3.5390325251186043,1.9529014198050374
151,Mew,,Psychic,,600,100,100,100,100,100,100,1,4,2.4911502623862463,0.339322873854636
152,Chikorita,,Grass,,318,45,49,65,49,65,45,2,3,-1.5171744409823957,-0.43097838629732677
153,Bayleef,,Grass,,405,60,62,80,63,80,60,2,2,-0.2710713362548033,-0.3473452457774812
154,Meganium,,Grass,,525,80,82,100,83,100,80,2,4,1.4490486496336432,-0.22870627532772927
155,Cyndaquil,,Fire,,309,39,52,43,60,50,65,2,3,-1.7448039995617304,0.7121152196951156
156,Quilava,,Fire,,405,58,64,58,80,65,80,2,1,-0.361548210473262,0.8611609149091037
157,Typhlosion,,Fire,,534,78,84,78,109,85,100,2,4,1.4907094093270692,1.0952946670888295
158,Totodile,,Water,,314,50,65,64,44,48,43,2,3,-1.596142219291056,-0.5260584514379577
159,Croconaw,,Water,,405,65,80,80,59,63,58,2,3,-0.2925929790693998,-0.4565052528029251
160,Feraligatr,,Water,,530,85,105,100,79,83,78,2,0,1.500789320232045,-0.356582947873384
161,Sentret,,Normal,,215,35,46,34,35,45,20,2,3,-2.941428341542003,-0.48436163427962464
162,Furret,,Normal,,415,85,76,64,45,55,90,2,1,-0.2514091064537022,0.43996410799704594
163,Hoothoot,,Normal,Flying,262,60,30,30,36,56,50,2,3,-2.3170031587592725,0.2605715388742839
164,Noctowl,,Normal,Flying,452,100,50,50,86,96,70,2,4,0.4976251160401332,0.595675428218978
165,Ledyba,,Bug,Flying,265,40,20,30,40,80,55,2,3,-2.2682385842562724,0.43918716320052376
166,Ledian,,Bug,Flying,390,55,35,50,55,110,85,2,1,-0.5015926602022774,0.7325419779373663
167,Spinarak,,Bug,Poison,250,40,60,40,40,40,30,2,3,-2.4812589518543415,-0.33840511604386597
168,Ariados,,Bug,Poison,400,70,90,70,60,70,40,2,0,-0.25809558671158744,-0.7826630285615712
169,Crobat,,Poison,Flying,535,85,90,80,70,80,130,2,1,1.3758696001023616,1.2704859949969338
170,Chinchou,,Water,Electric,330,75,38,38,56,56,67,2,3,-1.3808775803654114,0.694199845568976
171,Lanturn,,Water,Electric,460,125,58,58,76,76,67,2,0,0.6068958183351889,0.20399523635780512
172,Pichu,,Electric,,205,20,40,15,35,35,60,2,3,-3.2713413355098497,0.9983885529514259
173,Cleffa,,Fairy,,218,50,25,28,45,55,15,2,3,-2.828948731106608,-0.3877581047495639
174,Igglybuff,,Normal,Fairy,210,90,30,15,40,20,15,2,3,-2.954027032722085,-0.21058107305280566
175,Togepi,,Fairy,,245,35,20,65,40,65,20,2,3,-2.496263246013328,-1.0169593002730477
176,Togetic,,Fairy,Flying,405,55,40,85,80,105,40,2,2,-0.14702151996044469,-0.7335464483678025
177,Natu,,Psychic,Flying,320,40,50,45,70,45,70,2,3,-1.6157638656150775,0.9516880433614512
178,Xatu,,Psychic,Flying,470,65,75,70,95,70,95,2,1,0.53438611674548,1.0999867564236412
179,Mareep,,Electric,,280,55,40,40,65,45,35,2,3,-2.0319141122474287,0.10030492178404674
180,Flaaffy,,Electric,,365,70,55,55,80,60,45,2,3,-0.7943733779447157,0.06581194138715908
181,Ampharos,,Electric,,510,90,75,85,115,90,55,2,4,1.3432112724696357,-0.11020308829879646
182,Bellossom,,Grass,,490,75,80,95,90,100,50,2,4,1.0602839159471302,-0.7559343133805604
183,Marill,,Water,Fairy,250,70,20,50,20,50,40,2,3,-2.475713917235292,-0.5535380791995388
184,Azumarill,,Water,Fairy,420,100,50,80,60,80,50,2,0,0.04108863437831743,-0.7411409212061913
185,Sudowoodo,,Rock,,410,70,100,115,30,65,30,2,2,-0.13533260200303868,-2.3032243986757477
186,Politoed,,Water,,500,90,75,75,90,100,70,2,4,1.166958823515507,0.0877143957600269
187,Hoppip,,Grass,Flying,250,35,35,40,35,55,50,2,3,-2.5388131186901477,0.13515150952858118
188,Skiploom,,Grass,Flying,340,55,45,50,45,65,80,2,3,-1.3092726275358901,0.6500415787822251
189,Jumpluff,,Grass,Flying,460,75,55,70,55,95,110,2,1,0.3903429253651663,0.878790166957496
190,Aipom,,Normal,,360,55,70,55,40,55,85,2,3,-1.0642666247951726,0.5645771403039825
191,Sunkern,,Grass,,180,30,30,30,30,30,30,2,3,-3.5292696882233154,-0.0759135227194955
192,Sunflora,,Grass,,425,75,75,55,105,85,30,2,4,0.20707202444973333,-0.19266311803094163
193,Yanma,,Bug,Flying,390,65,65,45,75,45,95,2,1,-0.6616121588013912,1.4812672333294938
194,Wooper,,Water,Ground,210,55,45,45,25,25,15,2,3,-3.0243134918976016,-0.9308596746509238
195,Quagsire,,Water,Ground,430,95,85,85,65,65,35,2,0,0.20572945942480306,-1.1874705666882266
196,Espeon,,Psychic,,525,65,65,60,130,95,110,2,4,1.3441385156481067,2.036391891264375
197,Umbreon,,Dark,,525,95,65,110,60,130,65,2,2,1.58136550947401,-1.2201990173175392
198,Murkrow,,Dark,Flying,405,60,85,42,85,42,91,2,1,-0.43412459035264295,1.5271697303360132
199,Slowking,,Water,Psychic,490,95,75,80,100,110,30,2,4,1.208063645593133,-0.9339655998512661
200,Misdreavus,,Ghost,,435,60,60,60,85,85,85,2,1,0.10005874138301003,0.9253733259455074
201,Unown,,Psychic,,336,48,72,48,72,48,48,2,3,-1.2771355727762945,0.24900764080153281
202,Wobbuffet,,Psychic,,405,190,33,58,33,58,33,2,0,-0.014666627327937663,-1.2602164013847237
203,Girafarig,,Normal,Psychic,455,70,80,65,90,65,85,2,1,0.35761496974129087,0.8711032256285411
204,Pineco,,Bug,,290,50,65,90,35,35,15,2,3,-1.890678820801689,-1.7783515856526633
205,Forretress,,Bug,Steel,465,75,90,140,60,60,40,2,2,0.5959524316919096,-2.115703602647508
206,Dunsparce,,Normal,,415,100,70,70,65,65,45,2,0,-0.03120599378899969,-0.6121448400789895
207,Gligar,,Ground,Flying,430,65,75,105,35,65,85,2,2,-0.06442681313146749,-0.5738635963938793
208,Steelix,,Steel,Ground,510,75,85,200,55,65,30,2,2,1.2356074981766478,-3.596627170624237
209,Snubbull,,Fairy,,300,60,80,50,40,40,30,2,3,-1.735050234638037,-0.6841685679636003
210,Granbull,,Fairy,,450,90,120,75,60,60,45,2,0,0.4521494815709371,-0.8993168627483389
211,Qwilfish,,Water,Poison,440,65,95,85,55,55,85,2,1,0.08533533403815781,0.04238599060973787
212,Scizor,,Bug,Steel,500,70,130,100,55,80,65,2,0,1.0888582005492364,-1.0079205497762336
213,Shuckle,,Bug,Rock,505,20,10,230,10,230,5,2,2,1.5086878163303306,-5.640762454424546
214,Heracross,,Bug,Fighting,500,80,125,75,40,95,85,2,0,1.079977640630277,-0.309384764845179
215,Sneasel,,Dark,Ice,430,55,95,55,35,75,115,2,1,-0.1205867699725804,1.0557821054248164
216,Teddiursa,,Normal,,330,60,80,50,50,50,40,2,3,-1.3153908543285744,-0.35483721076745023
217,Ursaring,,Normal,,500,90,130,75,75,75,55,2,0,1.175613923747506,-0.566225366228737
218,Slugma,,Fire,,250,40,40,40,70,40,20,2,3,-2.4389479360272968,-0.1255002646648473
219,Magcargo,,Fire,Rock,430,60,50,120,90,80,30,2,2,0.1725865148207893,-1.4738153208355198
220,Swinub,,Ice,Ground,250,50,50,40,30,30,50,2,3,-2.572863950552523,0.07221185829757687
221,Piloswine,,Ice,Ground,450,100,100,80,60,60,50,2,0,0.43822921481472016,-0.8364263873527398
222,Corsola,,Water,Rock,410,65,55,95,65,95,35,2,2,-0.07387851572623985,-1.292297902448999
223,Remoraid,,Water,,300,35,65,35,65,35,65,2,3,-1.903911500885199,0.9672620819434669
224,Octillery,,Water,,480,75,105,75,105,75,45,2,0,0.9057374095282318,-0.2771264759674494
225,Delibird,,Ice,Flying,330,45,55,45,65,45,75,2,3,-1.4837203548283973,0.9731206939936595
226,Mantine,,Water,Flying,485,85,40,70,80,140,70,2,4,1.0313301508718729,0.02293041150028362
227,Skarmory,,Steel,Flying,465,65,80,140,40,70,70,2,2,0.47954194816803225,-1.6017144383326702
228,Houndour,,Dark,Fire,330,45,60,30,80,50,65,2,3,-1.4133452854459305,1.168371055658666
229,Houndoom,,Dark,Fire,500,75,90,50,110,80,95,2,1,1.0322421853335229,1.5405898033561076
230,Kingdra,,Water,Dragon,540,75,95,95,95,95,85,2,4,1.6374548001757967,0.13935521258987205
231,Phanpy,,Ground,,330,90,60,60,40,40,40,2,3,-1.310558036742929,-0.6715725281612838
232,Donphan,,Ground,,500,90,120,120,60,60,50,2,0,1.1103650229240327,-1.6500159686167997
233,Porygon2,,Normal,,515,85,80,90,105,95,60,2,4,1.3937284013330586,-0.23471639966160932
234,Stantler,,Normal,,465,73,95,62,85,65,85,2,1,0.5113994042732719,0.7975720743745782
235,Smeargle,,Normal,,250,55,20,35,20,45,75,2,3,-2.63255374857648,0.6826054871000415
236,Tyrogue,,Fighting,,210,35,35,35,35,35,35,2,3,-3.0992396917512037,-0.04625378010705757
237,Hitmontop,,Fighting,,455,50,95,95,35,110,70,2,2,0.4522926963036842,-0.974141893167464
238,Smoochum,,Ice,Psychic,305,45,30,15,85,65,65,2,3,-1.7297862161158453,1.5673143626502453
239,Elekid,,Electric,,360,45,63,37,65,55,95,2,1,-1.0962363625088947,1.5465305011886006
240,Magby,,Fire,,365,45,75,37,70,55,83,2,1,-0.9731152259726767,1.269440971805774
241,Miltank,,Normal,,490,95,80,105,40,70,100,2,0,0.8016141339301476,-0.29592491357172757
242,Blissey,,Normal,,540,255,10,10,75,135,55,2,4,2.177092143536912,0.2377718302552957
243,Raikou,,Electric,,580,90,85,75,115,100,115,2,4,2.1534757294526696,1.4823497769662364
244,Entei,,Fire,,580,115,115,85,90,75,100,2,0,2.181800871826333,0.5036098930300893
245,Suicune,,Water,,580,100,75,115,90,115,85,2,4,2.273872014094972,-0.42613928832833187
246,Larvitar,,Rock,Ground,300,50,64,50,45,50,41,2,3,-1.7720136806007063,-0.29609495817565995
247,Pupitar,,Rock,Ground,410,70,84,70,65,70,51,2,0,-0.15699220493950386,-0.42440040419431146
248,Tyranitar,,Rock,Dark,600,100,134,110,95,100,61,2,0,2.640632515143889,-1.0094577355601473
249,Lugia,,Psychic,Flying,680,106,90,130,90,154,110,2,4,3.7080550583377154,-0.35847794975534014
250,Ho-oh,,Fire,Flying,680,106,130,90,110,154,90,2,4,3.839225699445206,0.031596131748474886
251,Celebi,,Psychic,Grass,600,100,100,100,100,100,100,2,4,2.4911502623862463,0.339322873854636
252,Treecko,,Grass,,310,40,45,35,65,55,70,3,3,-1.7292872068522154,1.054560638748933
253,Grovyle,,Grass,,405,50,65,45,85,65,95,3,1,-0.41823522850570216,1.575190952891519
254,Sceptile,,Grass,,530,70,85,65,105,85,120,3,1,1.354434012496366,1.8173021315754725
255,Torchic,,Fire,,310,45,60,40,70,50,45,3,3,-1.635769391082629,0.3518943954435191
256,Combusken,,Fire,Fighting,405,60,85,60,85,60,55,3,1,-0.2682784143507064,0.20580823525869268
257,Blaziken,,Fire,Fighting,530,80,120,70,110,70,80,3,1,1.4952537786080637,0.6961340715603705
258,Mudkip,,Water,,310,50,70,50,50,50,40,3,3,-1.6211989589101188,-0.27908563081899007
259,Marshtomp,,Water,Ground,405,70,85,70,60,70,50,3,0,-0.2262593898973423,-0.5170019465729572
260,Swampert,,Water,Ground,535,100,110,90,85,90,60,3,0,1.6947176735501195,-0.6381785393920949
261,Poochyena,,Dark,,220,35,55,35,30,30,35,3,3,-2.963470873140319,-0.16231391255177405
262,Mightyena,,Dark,,420,70,90,70,60,60,70,3,1,-0.11054133287664768,0.004110815371418486
263,Zigzagoon,,Normal,,240,38,30,41,30,41,60,3,3,-2.7539802119471384,0.37004415235363075
264,Linoone,,Normal,,420,78,70,61,50,61,100,3,1,-0.21204699644111627,0.8310687958432688
265,Wurmple,,Bug,,195,45,45,35,20,30,20,3,3,-3.2551793807870615,-0.6619429903775227
266,Silcoon,,Bug,,205,50,35,55,25,25,15,3,3,-3.115887349548156,-1.0685275111792967
267,Beautifly,,Bug,Flying,395,60,70,50,100,50,65,3,1,-0.4650712394093245,0.9415948377216113
268,Cascoon,,Bug,,205,50,35,55,25,25,15,3,3,-3.115887349548156,-1.0685275111792967
269,Dustox,,Bug,Poison,385,60,50,70,50,90,65,3,3,-0.5520683357448589,-0.19745913863192366
270,Lotad,,Water,Grass,220,40,30,30,40,50,30,3,3,-2.887684063538758,-0.07778542542756708
271,Lombre,,Water,Grass,340,60,50,50,60,70,50,3,3,-1.1675640776503118,0.040853545022184794
272,Ludicolo,,Water,Grass,480,80,70,70,90,100,70,3,4,0.8671167783203529,0.2418794561996833
273,Seedot,,Grass,,220,40,40,50,30,30,30,3,3,-2.9542765675353384,-0.5401856867135835
274,Nuzleaf,,Grass,Dark,340,70,70,40,60,40,60,3,3,-1.247949174609117,0.506695126107859
275,Shiftry,,Grass,Dark,480,90,100,60,90,60,80,3,1,0.7655150313407539,0.7162283007727158
276,Taillow,,Normal,Flying,270,40,55,30,30,30,85,3,3,-2.4256328371529357,1.1503791913476304
277,Swellow,,Normal,Flying,455,60,85,60,75,50,125,3,1,0.15285028715778037,1.8520322098097697
278,Wingull,,Water,Flying,270,40,30,30,55,30,85,3,3,-2.424895421129359,1.5647813570875002
279,Pelipper,,Water,Flying,440,60,50,100,95,70,65,3,2,0.17691480428063194,-0.11088491699493742
280,Ralts,,Psychic,Fairy,198,28,25,25,45,35,40,3,3,-3.29248641271025,0.4640623606815329
281,Kirlia,,Psychic,Fairy,278,38,35,35,65,55,50,3,3,-2.1178655496838092,0.6057687866341557
282,Gardevoir,,Psychic,Fairy,518,68,65,65,125,115,80,3,4,1.4059970393955168,1.0308880644920235
283,Surskit,,Bug,Water,269,40,30,32,50,52,65,3,3,-2.3125529275279764,0.8668073901572523
284,Masquerain,,Bug,Flying,454,70,60,62,100,82,80,3,1,0.4036184724346827,0.9310042916403276
285,Shroomish,,Grass,,295,60,40,60,40,60,35,3,3,-1.7985244250816042,-0.6971045166460856
286,Breloom,,Grass,Fighting,460,60,130,80,60,60,70,3,0,0.45086620472500955,-0.3015645519050429
287,Slakoth,,Normal,,280,60,60,60,35,35,30,3,3,-2.0507874152779237,-0.8447556682694445
288,Vigoroth,,Normal,,440,80,80,80,55,55,90,3,1,0.08972661151949682,0.26166096805392075
289,Slaking,,Normal,,670,150,160,100,95,65,100,3,0,3.5062111465384818,0.019759956291378947
290,Nincada,,Bug,Ground,266,31,45,90,30,30,40,3,3,-2.380900841662223,-1.0545126798394115
291,Ninjask,,Bug,Flying,456,61,90,45,50,50,160,3,1,0.04094798897329295,2.6643607769335715
292,Shedinja,,Bug,Ghost,236,1,90,45,30,30,40,3,3,-2.805056740451352,-0.2338366086945301
293,Whismur,,Normal,,240,64,51,23,51,23,28,3,3,-2.604336353200917,0.10343399713662778
294,Loudred,,Normal,,360,84,71,43,71,43,48,3,3,-0.8842163673124708,0.22207296758637973
295,Exploud,,Normal,,490,104,91,63,91,73,68,3,0,1.0036448954227666,0.294771343508352
296,Makuhita,,Fighting,,237,72,60,30,20,30,25,3,3,-2.620074049521075,-0.6009499047442506
297,Hariyama,,Fighting,,474,144,120,60,40,60,50,3,0,0.8693015680138346,-0.9480278310943778
298,Azurill,,Normal,Fairy,190,50,20,40,20,40,20,3,3,-3.3068116781008814,-0.7305895277696747
299,Nosepass,,Rock,,375,30,45,135,45,90,30,3,2,-0.6695843624916594,-2.254948849803062
300,Skitty,,Normal,,260,50,45,45,35,35,50,3,3,-2.4215495748978038,0.034991848170254074
301,Delcatty,,Normal,,400,70,65,65,55,55,90,3,1,-0.4912325685548706,0.6475196515568126
302,Sableye,,Dark,Ghost,380,50,75,75,65,65,50,3,3,-0.6345155600135075,-0.4129281988362121
303,Mawile,,Steel,Fairy,380,50,85,85,55,55,50,3,3,-0.6679592952165129,-0.7270087626271943
304,Aron,,Steel,Rock,330,50,70,100,40,40,30,3,3,-1.3678957989534992,-1.5797184481292093
305,Lairon,,Steel,Rock,430,60,90,140,50,50,40,3,2,0.04246634497636993,-2.140613170013197
306,Aggron,,Steel,Rock,530,70,110,180,60,60,50,3,2,1.4528284889062393,-2.701507891897184
307,Meditite,,Fighting,Psychic,280,30,40,55,40,55,60,3,3,-2.164795475230141,0.15531171452433556
308,Medicham,,Fighting,Psychic,410,60,60,75,60,75,80,3,1,-0.28539201158614746,0.23563243606604872
309,Electrike,,Electric,,295,40,45,40,65,40,65,3,3,-1.9661521232094157,0.9028691762949939
310,Manectric,,Electric,,475,70,75,60,105,60,105,3,1,0.5636121741859172,1.696300470244145
311,Plusle,,Electric,,405,60,50,40,85,75,95,3,1,-0.37829366816896737,1.6442122520277398
312,Minun,,Electric,,405,60,40,50,75,85,95,3,1,-0.36930410333038466,1.3131171612620414
313,Volbeat,,Bug,,430,65,73,75,47,85,85,3,1,0.014156802919779447,0.07851579913371916
314,Illumise,,Bug,,430,65,47,75,73,85,85,3,1,0.014923715584298839,0.5094940515031836
315,Roselia,,Grass,Poison,400,50,60,45,100,80,65,3,1,-0.33495176747710337,0.9766547800981394
316,Gulpin,,Poison,,302,70,43,53,43,53,40,3,3,-1.710322075624013,-0.4165416754699757
317,Swalot,,Poison,,467,100,73,83,73,83,55,3,0,0.7122101378677905,-0.608999844497953
318,Carvanha,,Water,Dark,305,45,90,20,65,20,65,3,3,-1.8318171334146705,1.1956618352602648
319,Sharpedo,,Water,Dark,460,70,120,40,95,40,95,3,1,0.3663873216402176,1.6329803019395055
320,Wailmer,,Water,,400,130,70,35,70,35,60,3,0,-0.2965956072904093,0.5252136111904501
321,Wailord,,Water,,500,170,90,45,90,45,60,3,0,1.2295605287546365,0.3135281374379115
322,Numel,,Fire,Ground,305,60,60,40,65,45,35,3,3,-1.6592231197176608,0.006279135249184254
323,Camerupt,,Fire,Ground,460,70,100,70,105,75,40,3,0,0.6329878480972294,-0.265592748216014
324,Torkoal,,Fire,,470,70,85,140,85,70,20,3,2,0.7676416188820103,-2.2968384019990484
325,Spoink,,Psychic,,330,60,25,35,70,80,60,3,3,-1.3161050264856666,0.7551586678536093
326,Grumpig,,Psychic,,470,80,45,65,90,110,80,3,4,0.706348744302787,0.6335967517527678
327,Spinda,,Normal,,360,60,60,60,60,60,60,3,3,-0.9490897093906461,0.10204493295513234
328,Trapinch,,Ground,,290,45,100,45,45,45,10,3,3,-1.8011390370593496,-1.0571230732439116
329,Vibrava,,Ground,Dragon,340,50,70,50,50,50,70,3,3,-1.305903428228388,0.46174761858622
330,Flygon,,Ground,Dragon,520,80,100,80,80,80,100,3,1,1.2742765506042815,0.6397060742608477
331,Cacnea,,Grass,,335,50,85,40,85,40,35,3,3,-1.242426482360756,0.23063942433111165
332,Cacturne,,Grass,Dark,475,70,115,60,115,60,55,3,1,0.7710377235891146,0.4401725989959684
333,Swablu,,Normal,Flying,310,45,40,60,40,75,50,3,3,-1.6281899611038728,-0.33812141037309207
334,Altaria,,Dragon,Flying,490,75,70,90,70,105,80,3,4,0.9519900177287962,-0.16016295469846434
335,Zangoose,,Normal,,458,73,115,60,60,60,90,3,1,0.3791597899162799,0.5871811380575735
336,Seviper,,Poison,,458,73,100,60,100,60,65,3,1,0.48390494705088566,0.539280234469303
337,Lunatone,,Rock,Psychic,460,90,55,65,95,85,70,3,4,0.5611149431578235,0.4899160092831166
338,Solrock,,Rock,Psychic,460,90,95,85,55,65,70,3,0,0.4936375399329516,-0.46976685089074344
339,Barboach,,Water,Ground,288,50,48,43,46,41,60,3,3,-2.0372658595663595,0.4231542557955049
340,Whiscash,,Water,Ground,468,110,78,73,76,71,60,3,0,0.7054690218512206,-0.2546752846591933
341,Corphish,,Water,,308,43,80,65,50,35,35,3,3,-1.6884451748169886,-0.6356479421005375
342,Crawdaunt,,Water,Dark,468,63,120,85,90,55,55,3,0,0.6183632511943066,-0.3352205632205761
343,Baltoy,,Ground,Psychic,300,40,40,55,40,70,55,3,3,-1.8064493373180284,-0.07538963440957433
344,Claydol,,Ground,Psychic,500,60,70,105,70,120,75,3,2,1.114016223331865,-0.5864591193964983
345,Lileep,,Rock,Grass,355,66,41,77,61,87,23,3,3,-0.8243902310471668,-1.2049663764842184
346,Cradily,,Rock,Grass,495,86,81,97,81,107,43,3,2,1.1887790084932737,-1.1611940681153095
347,Anorith,,Rock,Bug,355,45,95,50,40,50,75,3,3,-1.1135039381629745,0.38246808841786084
348,Armaldo,,Rock,Bug,495,75,125,100,70,80,45,3,0,1.1052699954126657,-1.3097605387635594
349,Feebas,,Water,,200,20,15,20,10,55,80,3,3,-3.391726057488733,1.0760305402835044
350,Milotic,,Water,,540,95,60,79,100,125,81,3,4,1.7624317719779452,0.33211605810883527
351,Castform,,Normal,,420,70,70,70,70,70,70,3,1,-0.08902971644642298,0.1613644181800083
352,Kecleon,,Normal,,440,60,90,70,60,120,40,3,2,0.42132731976682125,-0.9740477522924309
353,Shuppet,,Ghost,,295,44,75,35,63,33,45,3,3,-1.8871409385501405,0.3849761058034544
354,Banette,,Ghost,,455,64,115,65,83,63,65,3,1,0.4283620858903073,0.18854752762176982
355,Duskull,,Ghost,,295,20,40,90,30,90,25,3,3,-1.7805750848664421,-1.6397061323896414
356,Dusclops,,Ghost,,455,40,70,130,60,130,25,3,2,0.6273596704289567,-2.4044635637627785
357,Tropius,,Grass,Flying,460,99,68,83,72,87,51,3,0,0.6333946240035135,-0.7164381120109642
358,Chimecho,,Psychic,,455,75,50,80,95,90,65,3,4,0.4821375585011024,0.12827710463307304
359,Absol,,Dark,,465,65,130,60,75,60,75,3,1,0.5341015724631135,0.3837604188040567
360,Wynaut,,Psychic,,260,95,23,48,23,48,23,3,3,-2.2286361811943123,-0.993830770891271
361,Snorunt,,Ice,,300,50,50,50,50,50,50,3,3,-1.8091497023348693,0.04272544773025643
362,Glalie,,Ice,,480,80,80,80,80,80,80,3,1,0.7710302764978001,0.22068390340488417
363,Spheal,,Ice,Water,290,70,40,50,55,50,25,3,3,-1.826443852600167,-0.5496749925886446
364,Sealeo,,Ice,Water,410,90,60,70,75,70,45,3,0,-0.10632386671172084,-0.43103602213889275
365,Walrein,,Ice,Water,530,110,80,90,95,90,65,3,4,1.6137961191767254,-0.31239705168914084
366,Clamperl,,Water,,345,35,64,85,74,55,32,3,3,-1.1248063194461537,-0.7915990267378771
367,Huntail,,Water,,485,55,104,105,94,75,52,3,2,0.8883629200942866,-0.7478267183689681
368,Gorebyss,,Water,,485,55,84,105,114,75,52,3,2,0.8889528529131476,-0.41630498577707237
369,Relicanth,,Water,Rock,485,100,90,130,45,65,55,3,2,0.880857631938681,-1.8622839083393652
370,Luvdisc,,Water,,330,43,30,55,40,65,97,3,3,-1.5476458162863334,1.0106850683896196
371,Bagon,,Dragon,,300,45,75,60,40,30,50,3,3,-1.8701895130234436,-0.262405393639559
372,Shelgon,,Dragon,,420,65,95,100,60,50,50,3,2,-0.09108153148305213,-1.0261758401722416
373,Salamence,,Dragon,Flying,600,95,135,80,110,80,100,3,0,2.466496740834875,0.8361946480238934
374,Beldum,,Steel,Psychic,300,40,55,80,35,60,30,3,3,-1.754078475978606,-1.252774575298233
375,Metang,,Steel,Psychic,420,60,75,100,55,80,50,3,2,-0.033958490090160096,-1.1341356048484814
376,Metagross,,Steel,Psychic,600,80,135,130,95,90,70,3,0,2.532750420779555,-1.0568945855443972
377,Regirock,,Rock,,580,80,100,200,50,100,50,3,2,2.2589178700939594,-3.4030033071770744
378,Regice,,Ice,,580,80,50,100,100,200,50,3,4,2.5918803900768603,-1.0910020007469923
379,Registeel,,Steel,,580,80,75,150,75,150,50,3,2,2.42539913008541,-2.247002653962033
380,Latias,,Dragon,Psychic,600,80,80,90,110,130,110,3,4,2.5000834791729862,0.9225364939149611
381,Latios,,Dragon,Psychic,600,80,90,80,130,110,110,3,4,2.4701722307230396,1.4278997144639656
382,Kyogre,,Water,,670,100,100,90,150,140,90,3,4,3.656522317670089,0.7445140475755596
383,Groudon,,Ground,,670,100,150,140,100,90,90,3,0,3.489303641655062,-0.8258887713793511
384,Rayquaza,,Dragon,Flying,680,105,150,90,150,90,95,3,4,3.6826300615575143,0.8913634487925326
385,Jirachi,,Steel,Psychic,600,100,100,100,100,100,100,3,4,2.4911502623862463,0.339322873854636
387,Turtwig,,Grass,,318,55,68,64,45,55,31,4,3,-1.466560451521879,-0.8721065376100806
388,Grotle,,Grass,,405,75,89,85,55,65,36,4,2,-0.1905373875685958,-1.229440494897004
389,Torterra,,Grass,Ground,525,95,109,105,75,85,56,4,0,1.5295825983198506,-1.110801524447252
390,Chimchar,,Fire,,309,44,58,44,58,44,61,4,3,-1.7358363226290945,0.5541911504927632
391,Monferno,,Fire,Fighting,405,64,78,52,78,52,81,4,1,-0.37851687862065725,0.9610711848032274
392,Infernape,,Fire,Fighting,534,76,104,71,104,71,108,4,1,1.4335184357692756,1.3617824570914148
393,Piplup,,Water,,314,53,51,53,61,56,40,4,3,-1.549286635469839,-0.1641399320570337
394,Prinplup,,Water,,405,64,66,68,81,76,50,4,3,-0.21817885722823566,-0.14211214252683257
395,Empoleon,,Water,Steel,530,84,86,88,111,101,60,4,4,1.6275328500917903,-0.1650603505538476
396,Starly,,Normal,Flying,245,40,55,30,30,30,60,4,3,-2.688379112721045,0.5330181501766219
397,Staravia,,Normal,Flying,340,55,75,50,40,40,80,4,3,-1.3624617357925908,0.5884293043526465
398,Staraptor,,Normal,Flying,485,85,120,70,50,60,100,4,0,0.7364337016809677,0.4468391630377795
399,Bidoof,,Normal,,250,59,45,40,35,40,31,4,3,-2.4613072299527867,-0.39452911838943
400,Bibarel,,Normal,Water,410,79,85,60,55,60,71,4,1,-0.2379409699578595,0.14313202291628546
401,Kricketot,,Bug,,194,37,25,41,25,41,25,4,3,-3.284425455548758,-0.5358765825025296
402,Kricketune,,Bug,,384,77,85,51,55,51,65,4,3,-0.6049571780553219,0.21880982071238536
403,Shinx,,Electric,,263,45,65,34,40,34,45,4,3,-2.3521074051627084,0.13825625061486516
404,Luxio,,Electric,,363,60,85,49,60,49,60,4,3,-0.9153453057156618,0.2726825805597314
405,Luxray,,Electric,,523,80,120,79,95,79,70,4,0,1.4420262849376855,0.0405175543131435
406,Budew,,Grass,Poison,280,40,30,35,50,70,55,4,3,-2.0753393870150307,0.47889181593200125
407,Roserade,,Grass,Poison,515,60,70,65,125,105,90,4,4,1.28918980398453,1.3357110090944269
408,Cranidos,,Rock,,350,67,125,40,30,30,58,4,3,-1.1190685289913198,-0.07612361447452785
409,Rampardos,,Rock,,495,97,165,60,65,50,58,4,0,1.0634165577033217,-0.3720670850671748
410,Shieldon,,Rock,Steel,350,30,42,118,42,88,30,4,2,-1.0199431475699128,-1.9427864957232537
411,Bastiodon,,Rock,Steel,495,60,52,168,47,138,30,4,2,1.1895106336404777,-3.232015238612996
414,Mothim,,Bug,Flying,424,70,94,50,94,50,66,4,1,-0.03171056218991653,0.7611345148100855
415,Combee,,Bug,Flying,244,30,30,42,30,42,70,4,3,-2.7460751054343318,0.6236230792934055
416,Vespiquen,,Bug,Flying,474,70,80,102,80,102,40,4,2,0.8564870846132949,-1.2572174639719962
417,Pachirisu,,Electric,,405,60,45,70,45,90,95,4,1,-0.3834449150938404,0.49792700866573397
418,Buizel,,Water,,330,55,65,35,60,30,85,4,3,-1.5324279599607264,1.343320946700323
419,Floatzel,,Water,,495,85,105,55,85,50,115,4,1,0.8185330641802183,1.6598831902573596
420,Cherubi,,Grass,,275,45,35,45,62,53,35,4,3,-2.1070165058825614,-0.015041045997992353
421,Cherrim,,Grass,,450,70,60,70,87,78,85,4,1,0.3058797520461053,0.7506187082352059
422,Shellos,,Water,,325,76,48,48,57,62,34,4,3,-1.31533045602893,-0.37097377992190955
423,Gastrodon,,Water,Ground,475,111,83,68,92,82,39,4,0,0.9260833112441086,-0.5438875012141636
424,Ambipom,,Normal,,482,75,100,66,60,66,115,4,1,0.6353760917365076,1.1089079940772506
425,Drifloon,,Ghost,Flying,348,90,50,34,60,44,70,4,3,-1.130991956615986,0.8500496442436046
426,Drifblim,,Ghost,Flying,498,150,80,44,90,54,80,4,0,1.1121738652288224,0.8995662933584969
427,Buneary,,Normal,,350,55,66,44,44,56,85,4,3,-1.195426269405259,0.839973748594679
428,Lopunny,,Normal,,480,65,76,84,54,96,105,4,1,0.6767335884662302,0.42563499063617766
429,Mismagius,,Ghost,,495,60,60,60,105,105,105,4,4,0.9393775020019348,1.5840360403378075
430,Honchkrow,,Dark,Flying,505,100,125,52,105,52,71,4,0,1.17488377888991,0.7467287615658247
431,Glameow,,Normal,,310,49,55,42,42,37,85,4,3,-1.8271642918338165,1.004615043040205
432,Purugly,,Normal,,452,71,82,64,64,59,112,4,1,0.19077926117009478,1.2398734532489228
433,Chingling,,Psychic,,285,45,30,50,65,50,45,4,3,-2.0141605601251173,0.2057703289142068
434,Stunky,,Poison,Dark,329,63,63,47,41,41,74,4,3,-1.4828452773234384,0.5210448342732982
435,Skuntank,,Poison,Dark,479,103,93,67,71,61,84,4,0,0.7440873739102831,0.4069970946536743
436,Bronzor,,Steel,Psychic,300,57,24,86,24,86,23,4,3,-1.6557105920392206,-1.751895373511469
437,Bronzong,,Steel,Psychic,500,67,89,116,79,116,33,4,2,1.2755905878074256,-1.80138707346023
438,Bonsly,,Rock,,290,50,80,95,10,45,10,4,3,-1.8554525878914847,-2.4218633691254996
439,Mime Jr.,,Psychic,Fairy,310,20,25,45,70,90,60,4,3,-1.6509051526078482,0.6682307769351705
440,Happiny,,Normal,,220,100,5,5,15,65,30,4,3,-2.7502131020218905,-0.11819059114819566
441,Chatot,,Normal,Flying,411,76,65,45,92,42,91,4,1,-0.32916881191499703,1.5722783812360186
442,Spiritomb,,Ghost,Dark,485,50,92,108,92,108,35,4,2,1.0187842090022927,-1.339100661262351
443,Gible,,Dragon,Ground,300,58,70,45,40,45,42,4,3,-1.7707389603456634,-0.26857843863196984
444,Gabite,,Dragon,Ground,410,68,90,65,50,55,82,4,1,-0.31426630184049614,0.29988067293488074
445,Garchomp,,Dragon,Ground,600,108,130,95,80,85,102,4,0,2.466623271346474,0.15514313219264497
446,Munchlax,,Normal,,390,135,85,40,40,85,5,4,0,-0.10966487586919882,-1.6201055248173042
447,Riolu,,Fighting,,285,40,70,40,35,40,60,4,3,-2.0928485909643277,0.3008310346931593
448,Lucario,,Fighting,Steel,525,70,110,70,115,70,90,4,1,1.3679539808714767,1.0829938356049973
449,Hippopotas,,Ground,,330,68,72,78,38,42,32,4,3,-1.3227800925776694,-1.2142700625845535
450,Hippowdon,,Ground,,525,108,112,118,68,72,47,4,0,1.5401527335488954,-1.6767401035838045
451,Skorupi,,Poison,Bug,330,40,50,90,30,55,65,4,3,-1.482183930584145,-0.6052062145252981
452,Drapion,,Poison,Dark,500,70,90,110,60,75,95,4,1,0.9421868901745136,-0.22448020334049817
453,Croagunk,,Poison,Fighting,300,48,61,40,61,40,50,4,3,-1.820661540718419,0.3905736086990729
454,Toxicroak,,Poison,Fighting,490,83,106,65,86,65,85,4,1,0.8869196832769236,0.6726318272407844
455,Carnivine,,Grass,,454,74,100,72,90,72,46,4,0,0.516127074039259,-0.3503145808277059
456,Finneon,,Water,,330,49,49,56,49,61,66,4,3,-1.4209839463895761,0.26548808935474916
457,Lumineon,,Water,,460,69,69,76,69,86,91,4,1,0.4355559330358872,0.48462897077481293
458,Mantyke,,Water,Flying,345,45,20,50,60,120,50,4,3,-1.0073567905276681,-0.019072061133390834
459,Snover,,Grass,Ice,334,60,62,50,62,60,40,4,3,-1.2352103938860646,-0.17940476711583947
460,Abomasnow,,Grass,Ice,494,90,92,75,92,85,60,4,0,1.088704182269357,-0.12829028463431832
461,Weavile,,Dark,Ice,510,70,120,65,45,85,125,4,1,1.038901902088412,1.0397924696350407
462,Magnezone,,Electric,Steel,535,70,70,115,130,90,60,4,4,1.6279381726719548,-0.2816672899134588
463,Lickilicky,,Normal,,515,110,85,95,80,95,50,4,0,1.460348169845721,-1.0141220880705428
464,Rhyperior,,Ground,Rock,535,115,140,130,55,55,40,4,0,1.6738365337497578,-2.30307643182283
465,Tangrowth,,Grass,,535,100,100,125,110,50,50,4,0,1.6102521903845408,-1.0230194306499907
466,Electivire,,Electric,,540,75,123,67,95,85,95,4,1,1.608221966120035,0.8713557143367536
467,Magmortar,,Fire,,540,75,95,67,125,95,83,4,4,1.680034855287625,1.0188777527266495
468,Togekiss,,Fairy,Flying,545,85,50,95,120,115,80,4,4,1.7873597388828868,0.3749523942127853
469,Yanmega,,Bug,Flying,515,86,76,86,116,56,95,4,1,1.1723652538087657,1.0387632897517123
470,Leafeon,,Grass,,525,65,110,130,60,65,95,4,2,1.2570381442083758,-0.6227677304851699
471,Glaceon,,Ice,,525,65,60,110,130,95,65,4,4,1.4708954464785937,-0.027442777437298987
472,Gliscor,,Ground,Flying,510,75,95,125,45,75,95,4,2,1.0767503146919692,-0.7462377342322387
473,Mamoswine,,Ice,Ground,530,110,130,80,70,60,80,4,0,1.4992016969654174,-0.11788384472130668
474,Porygon-Z,,Normal,,535,85,80,70,135,75,90,4,4,1.5448151419210574,1.3715012286113668
475,Gallade,,Psychic,Fighting,518,68,125,65,65,115,80,4,0,1.4042272409389334,0.03632286671633613
476,Probopass,,Rock,Steel,525,60,55,145,75,150,40,4,2,1.6413881566684694,-2.245313764522109
477,Dusknoir,,Ghost,,525,45,100,135,65,135,45,4,2,1.5813489993069263,-2.0979705240487894
478,Froslass,,Ice,Ghost,480,70,80,70,80,70,110,4,1,0.6247085445239763,1.2400362882687266
479,Rotom,,Electric,Ghost,440,50,50,77,95,77,91,4,1,0.0987435783862743,0.9841290702139761
480,Uxie,,Psychic,,580,75,75,130,75,130,95,4,4,2.2140331174302177,-0.6361918822990115
481,Mesprit,,Psychic,,580,80,105,105,105,105,80,4,4,2.2602252889013807,-0.15258280243383762
482,Azelf,,Psychic,,580,75,125,70,125,70,115,4,1,2.0769485287917826,1.7533732910168804
483,Dialga,,Steel,Dragon,680,100,120,120,150,100,90,4,4,3.6823839880945677,0.27062888753739367
484,Palkia,,Water,Dragon,680,90,120,100,150,120,100,4,4,3.694496558153414,0.852530947903904
485,Heatran,,Fire,Steel,600,91,90,106,130,106,77,4,4,2.581402982703884,0.08413254487118772
486,Regigigas,,Normal,,670,110,160,110,80,110,100,4,0,3.5382760995269287,-0.4204513183575781
488,Cresselia,,Psychic,,580,120,70,110,75,120,85,4,4,2.3155216507367142,-0.6023905747599708
489,Phione,,Water,,480,80,80,80,80,80,80,4,1,0.7710302764978001,0.22068390340488417
490,Manaphy,,Water,,600,100,100,100,100,100,100,4,4,2.4911502623862463,0.339322873854636
491,Darkrai,,Dark,,600,70,90,90,135,90,125,4,4,2.3410562692857053,1.798419252735118
493,Arceus,,Normal,,720,120,120,120,120,120,120,4,4,4.211270248274693,0.4579618443043879
494,Victini,,Psychic,Fire,600,100,100,100,100,100,100,5,4,2.4911502623862463,0.339322873854636
495,Snivy,,Grass,,308,45,45,55,45,55,63,5,3,-1.7476685954979347,0.2173647682103509
496,Servine,,Grass,,413,60,60,75,60,75,83,5,1,-0.2538624585179744,0.3097157610065697
497,Serperior,,Grass,,528,75,75,95,75,95,113,5,1,1.3450421886892296,0.6490111702711918
498,Tepig,,Fire,,308,65,63,45,45,45,45,5,3,-1.6568684150090913,-0.1309507885710178
499,Pignite,,Fire,Fighting,418,90,93,55,70,55,55,5,0,-0.04460456192641207,-0.011484035905753363
500,Emboar,,Fire,Fighting,528,110,123,65,100,65,65,5,0,1.5614273488962078,0.19130560884129352
501,Oshawott,,Water,,308,55,55,45,63,45,45,5,3,-1.6690963264016667,0.1683036886293056
502,Dewott,,Water,,413,75,75,60,83,60,60,5,1,-0.1526924880768462,0.28357089412015263
503,Samurott,,Water,,528,95,100,85,108,70,70,5,0,1.5085560747948858,0.14952299872542632
504,Patrat,,Normal,,255,45,55,39,35,39,42,5,3,-2.452404489224589,-0.08265795418829436
505,Watchog,,Normal,,420,60,85,69,60,69,77,5,1,-0.13201026852933248,0.21208631545482998
506,Lillipup,,Normal,,275,45,60,45,25,45,55,5,3,-2.2079334348115967,-0.05279494548546332
507,Herdier,,Normal,,370,65,80,65,35,65,60,5,3,-0.7922808074994436,-0.4329001349938428
508,Stoutland,,Normal,,500,85,110,90,45,90,80,5,0,1.0787111044295759,-0.6001224741153357
509,Purrloin,,Dark,,281,41,50,37,50,37,66,5,3,-2.177381136321282,0.7845840906127082
510,Liepard,,Dark,,446,64,88,50,88,50,106,5,1,0.11710686002887497,1.7173666074994596
511,Pansage,,Grass,,316,50,53,48,53,48,64,5,3,-1.6344752789783021,0.46375606936067126
512,Simisage,,Grass,,498,75,98,63,98,63,101,5,1,0.9261475708777895,1.330377377165748
513,Pansear,,Fire,,316,50,53,48,53,48,64,5,3,-1.6344752789783021,0.46375606936067126
514,Simisear,,Fire,,498,75,98,63,98,63,101,5,1,0.9261475708777895,1.330377377165748
515,Panpour,,Water,,316,50,53,48,53,48,64,5,3,-1.6344752789783021,0.46375606936067126
516,Simipour,,Water,,498,75,98,63,98,63,101,5,1,0.9261475708777895,1.330377377165748
517,Munna,,Psychic,,292,76,25,45,67,55,24,5,3,-1.768412660929258,-0.31305749596552723
518,Musharna,,Psychic,,487,116,55,85,107,95,29,5,4,1.1574578982262846,-0.9026516816650135
519,Pidove,,Normal,Flying,264,50,55,50,36,30,43,5,3,-2.350486330304122,-0.23662966962001428
520,Tranquill,,Normal,Flying,358,62,77,62,50,42,65,5,3,-1.037427283070728,0.0697303051289239
521,Unfezant,,Normal,Flying,488,80,115,80,65,55,93,5,1,0.780911951714087,0.33305516960849274
522,Blitzle,,Electric,,295,45,60,32,50,32,76,5,3,-2.013211500615826,1.0988683197527713
523,Zebstrika,,Electric,,497,75,100,63,80,63,116,5,1,0.8488249937600848,1.4623177722003216
524,Roggenrola,,Rock,,280,55,75,85,25,25,15,5,3,-2.046369579206745,-1.8202008358634438
525,Boldore,,Rock,,390,70,105,105,50,40,20,5,2,-0.42747531251662313,-2.0031186318110463
526,Gigalith,,Rock,,515,85,135,130,60,80,25,5,2,1.4578390104639443,-2.590509362972794
527,Woobat,,Psychic,Flying,323,65,45,43,55,43,72,5,3,-1.550493929426902,0.7795468443320752
528,Swoobat,,Psychic,Flying,425,67,57,55,77,55,114,5,1,-0.21559029173222324,1.7582092601707016
529,Drilbur,,Ground,,328,60,85,40,30,45,68,5,3,-1.4599550452267607,0.2784660085995193
530,Excadrill,,Ground,Steel,508,110,135,60,50,65,88,5,0,1.1775892544063185,0.16985023920389059
531,Audino,,Normal,,445,103,60,86,60,86,50,5,0,0.41679857547098315,-0.9341902588493806
532,Timburr,,Fighting,,305,75,80,55,25,35,35,5,3,-1.6803795371410228,-0.8848248847222634
533,Gurdurr,,Fighting,,405,85,105,85,40,50,40,5,0,-0.22661640792388404,-1.3524547179739757
534,Conkeldurr,,Fighting,,505,105,140,95,55,65,45,5,0,1.263769809768367,-1.5073155471285207
535,Tympole,,Water,,294,50,50,40,50,40,64,5,3,-1.9643455729167356,0.6286485173366145
536,Palpitoad,,Water,Ground,384,75,65,55,65,55,69,5,3,-0.6200706159720973,0.4323650797974865
537,Seismitoad,,Water,Ground,509,105,95,75,85,75,74,5,0,1.2482097091570281,0.10483584559617318
538,Throh,,Fighting,,465,120,100,85,30,85,45,5,0,0.7504375816494965,-1.6334993315004538
539,Sawk,,Fighting,,465,75,125,75,30,75,85,5,0,0.5180337548234932,-0.3266719865911268
540,Sewaddle,,Bug,Grass,310,45,53,70,40,60,42,5,3,-1.638806161628842,-0.7096896741315072
541,Swadloon,,Bug,Grass,380,55,63,90,50,80,42,5,2,-0.5815108940118553,-1.137515491925628
542,Leavanny,,Bug,Grass,500,75,103,80,70,80,92,5,1,1.0076937983570844,0.3217521309724916
543,Venipede,,Bug,Poison,260,30,45,59,30,39,57,5,3,-2.4844313478543225,-0.07001497675660064
544,Whirlipede,,Bug,Poison,360,40,55,99,40,79,47,5,2,-0.927567020664564,-1.225186984120312
545,Scolipede,,Bug,Poison,485,60,100,89,55,69,112,5,1,0.6513966769937347,0.5675574248602184
546,Cottonee,,Grass,Fairy,280,40,27,60,37,50,66,5,3,-2.193555168579459,0.2011653365257119
547,Whimsicott,,Grass,Fairy,480,60,67,85,77,75,116,5,1,0.5797156805635708,1.1223255215355867
548,Petilil,,Grass,,280,45,35,50,70,50,30,5,3,-2.0251362154352703,-0.11919919368084578
549,Lilligant,,Grass,,480,70,60,75,110,75,90,5,1,0.7130879425737814,1.0858962799040452
551,Sandile,,Ground,Dark,292,50,72,35,35,35,65,5,3,-2.002877825179963,0.4985987710865347
552,Krokorok,,Ground,Dark,351,60,82,45,45,45,74,5,3,-1.153327683258464,0.5332238146645704
553,Krookodile,,Ground,Dark,519,95,117,80,65,70,92,5,0,1.2902441579600699,0.1744857965998406
554,Darumaka,,Fire,,315,70,90,45,15,45,50,5,3,-1.5695197082937866,-0.5126903043665526
556,Maractus,,Grass,,461,75,86,67,106,67,60,5,1,0.5578033153032393,0.36940694047798406
557,Dwebble,,Bug,Rock,325,50,65,85,35,35,55,5,3,-1.5375810339193225,-0.6934437737676429
558,Crustle,,Bug,Rock,485,70,105,125,65,75,45,5,2,0.9117798379748294,-1.7425789526496052
559,Scraggy,,Dark,Fighting,348,50,75,70,35,70,48,5,3,-1.0794196573684514,-0.7731398391489548
560,Scrafty,,Dark,Fighting,488,65,90,115,45,115,58,5,2,0.9917126350165701,-1.5923992468253862
561,Sigilyph,,Psychic,Flying,490,72,58,80,103,80,97,5,1,0.8376018471039665,1.0486506699042388
562,Yamask,,Ghost,,303,38,30,85,55,65,30,5,3,-1.7074406596738492,-1.0149729706798156
563,Cofagrigus,,Ghost,,483,58,50,145,95,105,30,5,2,0.9699740781374127,-2.0024901198026326
564,Tirtouga,,Water,Rock,355,54,78,103,53,45,22,5,2,-0.9559276525268613,-1.7369705347380346
565,Carracosta,,Water,Rock,495,74,108,133,83,65,32,5,2,1.0870305512489824,-1.968642068564395
566,Archen,,Rock,Flying,401,55,112,45,74,45,70,5,1,-0.4096581253664042,0.71345503165099
567,Archeops,,Rock,Flying,567,75,140,65,112,65,110,5,1,1.9021538502610966,1.5270257336651591
568,Trubbish,,Poison,,329,50,50,62,40,62,65,5,3,-1.435520988349422,-0.003426526683377203
569,Garbodor,,Poison,,474,80,95,82,60,82,75,5,0,0.7050955321323201,-0.2636335492111212
570,Zorua,,Dark,,330,40,65,40,80,40,65,5,3,-1.4528734797042802,1.0204938170974402
571,Zoroark,,Dark,,510,60,105,60,120,60,105,5,1,1.0641319667615026,1.8148100289142086
572,Minccino,,Normal,,300,55,50,40,40,40,75,5,3,-1.9159150660244215,0.7528007157423126
573,Cinccino,,Normal,,470,75,95,60,65,60,115,5,1,0.45412330400121825,1.3359089591555806
574,Gothita,,Psychic,,290,45,30,50,55,65,45,5,3,-1.909368238090358,0.008531901867010933
575,Gothorita,,Psychic,,390,60,45,70,75,85,55,5,3,-0.4472508147199277,-0.08189775417741055
576,Gothitelle,,Psychic,,490,70,55,95,95,110,65,5,4,1.0131294488097344,-0.25455206352289855
577,Solosis,,Psychic,,290,45,30,40,105,50,20,5,3,-1.8242209708047328,0.2959797207881174
578,Duosion,,Psychic,,370,65,40,50,125,60,30,5,3,-0.6580579068695345,0.44530849236048137
579,Reuniclus,,Psychic,,490,110,65,75,125,85,30,5,4,1.1808637723454398,-0.4212091717032305
580,Ducklett,,Water,Flying,305,62,44,50,44,50,55,5,3,-1.7414668059514455,0.06567923474574877
581,Swanna,,Water,Flying,473,75,87,63,87,63,98,5,1,0.5719393757420494,1.156310427588612
582,Vanillite,,Ice,,305,36,50,50,65,60,44,5,3,-1.7072350106290486,0.09475505467597849
583,Vanillish,,Ice,,395,51,65,65,80,75,59,5,3,-0.4171450212127144,0.1837342825132923
584,Vanilluxe,,Ice,,535,71,95,85,110,95,79,5,4,1.5963191847371567,0.393267457178149
585,Deerling,,Normal,Grass,335,60,60,50,40,50,75,5,3,-1.3874149154206432,0.4560073736972782
586,Sawsbuck,,Normal,Grass,475,80,100,70,60,70,95,5,1,0.6257543241197969,0.499779682066187
587,Emolga,,Electric,Flying,428,55,75,60,75,60,103,5,1,-0.13679152419913518,1.3194063545459433
588,Karrablast,,Bug,,315,50,75,45,40,45,60,5,3,-1.635726110728064,0.18785944461737625
589,Escavalier,,Bug,Steel,495,70,135,105,60,105,20,5,2,1.2492364607009383,-2.285704954107352
590,Foongus,,Grass,Poison,294,69,55,45,55,55,15,5,3,-1.7111093859671824,-0.7747777319793594
591,Amoonguss,,Grass,Poison,464,114,85,70,85,80,30,5,0,0.7991811517079386,-0.9046128310940977
592,Frillish,,Water,Ghost,335,55,40,50,65,85,40,5,3,-1.1738072416934255,-0.15424554011568398
593,Jellicent,,Water,Ghost,480,100,60,70,85,105,60,5,4,0.9445214385838887,-0.13140219193602884
594,Alomomola,,Water,,470,165,75,80,40,45,65,5,0,0.7196569167606084,-0.8092392316707155
595,Joltik,,Bug,Electric,319,50,47,50,57,50,65,5,3,-1.5926856097770035,0.5142013464238562
596,Galvantula,,Bug,Electric,472,70,77,60,97,60,108,5,1,0.5069909780309477,1.6602351007721607
597,Ferroseed,,Grass,Steel,305,44,50,91,24,86,10,5,2,-1.5511468926426484,-2.217566198056446
598,Ferrothorn,,Grass,Steel,489,74,94,131,54,116,20,5,2,1.158563051345146,-2.780163530798029
599,Klink,,Steel,,300,40,55,70,45,60,30,5,3,-1.7418513907963948,-0.930186748019893
600,Klang,,Steel,,440,60,80,95,70,85,50,5,2,0.2761075975727672,-0.8862011187378855
601,Klinklang,,Steel,,520,60,100,115,70,85,90,5,2,1.2587359082401688,-0.3618106989907429
602,Tynamo,,Electric,,275,35,55,40,45,40,60,5,3,-2.2454576768456693,0.5044676909633372
603,Eelektrik,,Electric,,405,65,85,70,75,70,40,5,3,-0.19077024914921822,-0.5522959357040517
604,Eelektross,,Electric,,515,85,115,80,105,80,50,5,0,1.4152616616734017,-0.3495062909570047
605,Elgyem,,Psychic,,335,55,55,55,85,55,30,5,3,-1.2014072017245838,-0.15999324506173498
606,Beheeyem,,Psychic,,485,75,75,75,125,95,40,5,4,1.0427360141010562,-0.12352480962489303
607,Litwick,,Ghost,Fire,275,50,30,55,65,55,20,5,3,-2.046098204365449,-0.5508502799861179
608,Lampent,,Ghost,Fire,370,60,40,60,95,60,55,5,3,-0.7808196418322656,0.5025857601961161
609,Chandelure,,Ghost,Fire,520,60,55,90,145,90,80,5,4,1.342812894852,0.984831821432343
610,Axew,,Dragon,,320,46,87,60,30,40,57,5,3,-1.5839409722862585,-0.31256425403429244
611,Fraxure,,Dragon,,410,66,117,70,40,50,67,5,0,-0.27154824793449417,-0.3664296797982982
612,Haxorus,,Dragon,,540,76,147,90,60,70,97,5,0,1.5409113972516457,3.862498747388143e-05
613,Cubchoo,,Ice,,305,55,70,40,60,40,40,5,3,-1.697071411696925,0.07028366653311054
614,Beartic,,Ice,,505,95,130,80,70,80,50,5,0,1.280463503343948,-0.893120909820018
615,Cryogonal,,Ice,,515,80,50,50,95,135,105,5,4,1.3332315599387619,1.4729438467461002
616,Shelmet,,Bug,,305,50,40,85,40,65,25,5,3,-1.6425545045079586,-1.4143517115273747
617,Accelgor,,Bug,,495,80,70,40,100,60,145,5,1,0.727432566713294,2.988833369147795
618,Stunfisk,,Ground,Electric,471,109,66,84,81,99,32,5,0,0.9105724238954543,-1.1755240469065282
619,Mienfoo,,Fighting,,350,45,85,50,55,50,65,5,3,-1.144897685363074,0.3654483058731685
620,Mienshao,,Fighting,,510,65,125,60,95,60,105,5,1,1.0697739762027012,1.3999654042405303
621,Druddigon,,Dragon,,485,77,120,90,60,90,48,5,0,0.9817231061770969,-1.2046320358449274
622,Golett,,Ground,Ghost,303,59,74,50,35,50,35,5,3,-1.6920126231664905,-0.6445088983698847
623,Golurk,,Ground,Ghost,483,89,124,80,55,80,55,5,0,0.9292985058555013,-0.9166890565000297
624,Pawniard,,Dark,Steel,340,45,85,70,40,40,60,5,3,-1.3162325910701955,-0.2930951947621707
625,Bisharp,,Dark,Steel,490,65,125,100,60,70,70,5,0,0.8941719231430085,-0.7364681894122591
626,Bouffalant,,Normal,,490,95,110,95,40,95,55,5,0,1.053005402449304,-1.4400659750974427
627,Rufflet,,Normal,Flying,350,70,83,50,37,50,60,5,3,-1.0928184392767968,-0.07732242188299296
628,Braviary,,Normal,Flying,510,100,123,75,57,75,80,5,0,1.2308011704691948,-0.19196880569741961
629,Vullaby,,Dark,Flying,370,70,55,75,45,65,60,5,3,-0.7975385343980186,-0.42440868861409575
630,Mandibuzz,,Dark,Flying,510,110,65,105,55,95,80,5,0,1.2501379718401051,-0.7135013067461197
631,Heatmor,,Fire,,484,85,97,66,105,66,65,5,1,0.8858977998674616,0.42457157078919006
632,Durant,,Bug,Steel,484,58,109,112,48,48,109,5,1,0.5744149643971864,0.02729505394192248
633,Deino,,Dark,Dragon,300,52,65,50,45,50,38,5,3,-1.7570340754351703,-0.38158526600183085
634,Zweilous,,Dark,Dragon,420,72,85,70,65,70,58,5,0,-0.03691408954672417,-0.262946295552079
635,Hydreigon,,Dark,Dragon,600,92,105,90,125,90,98,5,4,2.48068128973792,0.862891648856585
636,Larvesta,,Bug,Fire,360,55,85,55,50,55,60,5,3,-0.9604063668888586,0.01939363782786826
637,Volcarona,,Bug,Fire,550,85,60,65,135,105,100,5,4,1.792791975010072,1.6526206695886814
638,Cobalion,,Steel,Fighting,580,91,90,129,90,72,108,5,4,2.0591724187099363,0.045749444643111314
639,Terrakion,,Rock,Fighting,580,91,129,90,72,90,108,5,0,2.1433667124242355,0.34369195886449083
640,Virizion,,Grass,Fighting,580,91,90,72,90,129,108,5,4,2.248120400833313,0.8911717203648064
643,Reshiram,,Dragon,Fire,680,100,120,100,150,120,90,5,4,3.748681525681717,0.5672682825274621
644,Zekrom,,Dragon,Electric,680,100,150,120,120,100,90,5,4,3.681499088866276,-0.22665371135045018
646,Kyurem,,Dragon,Ice,660,125,130,90,130,90,95,5,4,3.4145085769457593,0.6329385425462456
649,Genesect,,Bug,Steel,600,71,120,95,120,95,99,5,4,2.4542398735452804,0.7276402057466143
650,Chespin,,Grass,,313,56,61,65,48,45,38,6,3,-1.589866533436293,-0.6118611133425508
651,Quilladin,,Grass,,405,61,78,95,56,58,57,6,2,-0.32214890087374176,-0.7653041300254545
652,Chesnaught,,Grass,Fighting,530,88,107,122,74,75,64,6,0,1.519242074227697,-1.1760712062653746
653,Fennekin,,Fire,,307,40,45,40,62,60,60,6,3,-1.7272647026000834,0.6490175184285749
654,Braixen,,Fire,,409,59,59,58,90,70,73,6,1,-0.2617609016109532,0.8085419020022648
655,Delphox,,Fire,Psychic,534,75,69,72,114,100,104,6,4,1.5094430369082776,1.3735269559590166
656,Froakie,,Water,,314,41,56,40,62,44,71,6,3,-1.70293694702083,0.9491528387529984
657,Frogadier,,Water,,405,54,63,52,83,56,97,6,1,-0.44892337289518,1.496438026437995
658,Greninja,,Water,Dark,530,72,95,67,103,71,122,6,1,1.3165518322969714,1.8213933009303473
659,Bunnelby,,Normal,,237,38,36,38,32,36,57,6,3,-2.792479461111988,0.3804147207106961
660,Diggersby,,Normal,Ground,423,85,56,77,50,77,78,6,1,-0.053165706228552906,-0.07094644964720506
661,Fletchling,,Normal,Flying,278,45,50,43,40,38,62,6,3,-2.2049971100287786,0.42100125454013876
662,Fletchinder,,Fire,Flying,382,62,73,55,56,52,84,6,1,-0.734731687218568,0.7209361598765648
663,Talonflame,,Fire,Flying,499,78,81,71,74,69,126,6,1,0.8435387729539895,1.5089209314848795
664,Scatterbug,,Bug,,200,38,35,40,27,25,35,6,3,-3.2693553458330644,-0.2116008344675175
665,Spewpa,,Bug,,213,45,22,60,27,30,29,6,3,-3.0583423778844954,-0.7494178095411561
666,Vivillon,,Bug,Flying,411,80,52,50,90,50,89,6,1,-0.3048317808750675,1.3966774000469346
667,Litleo,,Fire,Normal,369,62,50,58,73,54,72,6,3,-0.8743372249055034,0.661390124929445
668,Pyroar,,Fire,Normal,507,86,68,72,109,66,106,6,1,1.0472919639054248,1.4765433523245848
669,Flabébé,,Fairy,,303,44,38,39,61,79,42,6,3,-1.664728652805062,0.13469974702447607
670,Floette,,Fairy,,371,54,45,47,75,98,52,6,3,-0.6658495630629983,0.25408576899324997
671,Florges,,Fairy,,552,78,65,68,112,154,75,6,4,2.016434522949837,0.464825405252414
672,Skiddo,,Grass,,350,66,65,48,62,57,52,6,3,-1.0468055915769254,0.1353418207521915
673,Gogoat,,Grass,,531,123,100,62,97,81,68,6,0,1.6469811939150718,0.24794674738007258
674,Pancham,,Fighting,,348,67,82,62,46,48,43,6,3,-1.0738230244659883,-0.5903185718946721
675,Pangoro,,Fighting,Dark,495,95,124,78,69,71,58,6,0,1.0840599253338465,-0.6057395380670305
676,Furfrou,,Normal,,472,75,80,60,65,90,102,6,1,0.6009321310071796,0.9332094307239495
677,Espurr,,Psychic,,355,62,48,54,63,60,68,6,3,-1.0456933847102396,0.49191124938709935
679,Honedge,,Steel,Ghost,325,45,80,100,35,37,28,6,3,-1.4457647927224757,-1.6977631272787217
680,Doublade,,Steel,Ghost,448,59,110,150,45,49,35,6,2,0.31144657949001087,-2.588950215635237
682,Spritzee,,Fairy,,341,78,52,60,63,65,23,6,3,-1.040547122338236,-0.8351476278673244
683,Aromatisse,,Fairy,,462,101,72,72,99,89,29,6,4,0.7745538460315606,-0.7313702629297674
684,Swirlix,,Fairy,,341,62,48,66,59,57,49,6,3,-1.1929197648263512,-0.24794432807412028
685,Slurpuff,,Fairy,,480,82,80,86,85,75,72,6,1,0.7891028268933626,-0.013957389873481503
686,Inkay,,Dark,Psychic,288,53,54,53,37,46,45,6,3,-1.9728882929202354,-0.31394321322044205
687,Malamar,,Dark,Psychic,482,86,92,88,68,75,73,6,0,0.8164808143199188,-0.30651911337732013
688,Binacle,,Rock,Water,306,42,52,67,39,56,50,6,3,-1.739321081934535,-0.43307376128792735
689,Barbaracle,,Rock,Water,500,72,105,115,54,86,68,6,2,1.0737844509678829,-1.1797050952927075
690,Skrelp,,Poison,Water,320,50,60,60,60,60,30,6,3,-1.4236687178279241,-0.600470067542039
691,Dragalge,,Poison,Dragon,494,65,75,90,97,123,44,6,4,1.1859614166280492,-0.7657699955569708
692,Clauncher,,Water,,330,50,53,62,58,63,44,6,3,-1.3312210762703858,-0.3068442965719812
693,Clawitzer,,Water,,500,71,73,88,120,89,59,6,4,1.1503205648087937,0.07934575689561965
694,Helioptile,,Electric,Normal,289,44,38,33,61,43,70,6,3,-2.055076925649158,1.1080864286497007
695,Heliolisk,,Electric,Normal,481,62,55,52,109,94,109,6,1,0.7065497145510709,1.9511407243647911
696,Tyrunt,,Rock,Dragon,362,58,89,77,45,45,48,6,3,-0.9251772408519169,-0.7490042845729701
697,Tyrantrum,,Rock,Dragon,521,82,121,119,69,59,71,6,0,1.3202018303012903,-0.9650065576257307
698,Amaura,,Rock,Ice,362,77,59,50,67,63,46,6,3,-0.8215945839413362,-0.03476755179690747
699,Aurorus,,Rock,Ice,521,123,77,72,99,92,58,6,4,1.5533478732198072,-0.13203044664762742
700,Sylveon,,Fairy,,525,95,65,65,110,130,60,6,4,1.6572479342980524,0.17213776482855342
701,Hawlucha,,Fighting,Flying,500,78,92,75,74,63,118,6,1,0.8738292913940032,1.2200489740732354
702,Dedenne,,Electric,Fairy,431,67,58,57,81,67,101,6,1,-0.05063002122407667,1.390788427922047
703,Carbink,,Rock,Fairy,500,50,50,150,50,150,50,6,2,1.2141881466652065,-2.359283417775679
704,Goomy,,Dragon,,300,45,50,35,55,75,40,6,3,-1.703015724785019,0.05564287505840721
705,Sliggoo,,Dragon,,452,68,75,53,83,113,60,6,4,0.5306230891450125,0.20289072177451722
706,Goodra,,Dragon,,600,90,100,70,110,150,80,6,4,2.7034182174859462,0.36515772851093775
707,Klefki,,Steel,Fairy,470,57,80,91,80,87,75,6,1,0.6175996751977113,-0.060501069735369534
708,Phantump,,Ghost,Grass,309,43,70,48,50,60,38,6,3,-1.6128943201483026,-0.3087402760002605
709,Trevenant,,Ghost,Grass,474,85,110,76,65,82,56,6,0,0.7974913336031103,-0.6274171186742877
712,Bergmite,,Ice,,304,55,69,85,32,35,28,6,3,-1.7271412998953364,-1.4328244156791778
713,Avalugg,,Ice,,514,95,117,184,44,46,28,6,2,1.3064755660324643,-3.585495903005139
714,Noibat,,Flying,Dragon,245,40,30,35,45,40,55,6,3,-2.651973014173118,0.5525498318875771
715,Noivern,,Flying,Dragon,535,85,70,80,97,80,123,6,1,1.4056642910269515,1.5189759107398157
716,Xerneas,,Fairy,,680,126,131,95,131,98,99,6,4,3.703300026322395,0.6030912830306828
717,Yveltal,,Dark,Flying,680,126,131,95,131,98,99,6,4,3.703300026322395,0.6030912830306828
718,Zygarde50% Forme,,Dragon,Ground,600,108,100,121,81,95,95,6,0,2.485844190818109,-0.44360256647551594
719,Diancie,,Rock,Fairy,600,50,100,150,100,150,50,6,2,2.6809092469723295,-1.9048123967001551
721,Volcanion,,Fire,Water,600,80,110,120,130,90,70,6,4,2.5457149219853425,-0.31990459252618725
718,Zygarde10% Forme,,Dragon,Ground,486,54,100,71,61,85,115,7,1,0.7015674278089126,1.017791794695496
722,Rowlet,,Grass,Flying,320,68,55,55,50,50,42,7,3,-1.4659596831170723,-0.3396497450105536
723,Dartrix,,Grass,Flying,420,78,75,75,70,70,52,7,0,-0.010221685211417015,-0.4296369421211664
724,Decidueye,,Grass,Ghost,530,78,107,75,100,100,70,7,4,1.5915170492874686,0.14223717037585074
725,Litten,,Fire,,320,45,65,40,60,40,70,7,3,-1.6143216721837401,0.8681518303665698
726,Torracat,,Fire,,420,65,85,50,80,50,90,7,1,-0.19653547119530143,1.2269916873669156
727,Incineroar,,Fire,Dark,530,95,115,90,80,90,60,7,0,1.6149284514676305,-0.7018998480860497
728,Popplio,,Water,,320,50,54,54,66,56,40,7,3,-1.4662452433256685,-0.11913671827126675
729,Brionne,,Water,,420,60,69,69,91,81,50,7,1,0.00621462218148937,-0.052083633486388455
730,Primarina,,Water,Fairy,530,80,74,74,126,116,60,7,4,1.6714017006472,0.29073176618143315
731,Pikipek,,Normal,Flying,265,35,75,30,30,30,65,7,3,-2.4224223428332023,0.6007828207839998
732,Trumbeak,,Normal,Flying,355,55,85,50,40,50,75,7,3,-1.1007450872334243,0.3815831705502437
733,Toucannon,,Normal,Flying,485,80,120,75,75,75,60,7,0,0.9223550742795834,-0.3670015780460751
734,Yungoos,,Normal,,253,48,70,30,30,30,45,7,3,-2.4988131556184765,0.07579692978695364
735,Gumshoos,,Normal,,418,88,110,60,55,60,45,7,0,-0.0015303995037078985,-0.626993211519852
736,Grubbin,,Bug,,300,47,62,45,55,45,46,7,3,-1.8009016933935242,0.09478736946986074
737,Charjabug,,Bug,Electric,400,57,82,95,55,75,36,7,2,-0.27748110140677124,-1.3744652016848327
738,Vikavolt,,Bug,Electric,500,77,70,90,145,75,43,7,4,1.1929053441644377,0.01875735258662212
739,Crabrawler,,Fighting,,338,47,82,57,42,47,63,7,3,-1.3249911785280541,0.030599950220186505
740,Crabominable,,Fighting,Ice,478,97,132,77,62,67,43,7,0,0.8921590801960504,-1.0657934850490556
742,Cutiefly,,Bug,Fairy,304,40,45,40,55,40,84,7,3,-1.9132845470130802,1.2437360323294342
743,Ribombee,,Bug,Fairy,464,60,55,60,95,70,124,7,1,0.33188829582150237,2.104411642739687
744,Rockruff,,Rock,,280,45,65,40,30,40,60,7,3,-2.1598789621172663,0.23622480813158753
747,Mareanie,,Poison,Water,305,50,53,62,43,52,45,7,3,-1.7254560196322732,-0.4241065038278728
748,Toxapex,,Poison,Water,495,50,63,152,53,142,35,7,2,1.183793754301976,-2.741964695036513
749,Mudbray,,Ground,,385,70,100,70,45,55,45,7,0,-0.5308630098952967,-0.8202045624594112
750,Mudsdale,,Ground,,500,100,125,100,55,85,35,7,0,1.2620214281445448,-1.8679621776492388
751,Dewpider,,Water,Bug,269,38,40,52,40,72,27,7,3,-2.1394113585520267,-0.7100803820382078
752,Araquanid,,Water,Bug,454,68,70,92,50,132,42,7,2,0.6272980070625117,-1.4912756971833905
753,Fomantis,,Grass,,250,40,55,35,50,35,35,7,3,-2.506319309368295,0.05221173624136947
754,Lurantis,,Grass,,480,70,105,90,80,90,45,7,2,0.9125473649119002,-0.9390875194781363
755,Morelull,,Grass,Fairy,285,40,35,55,65,75,15,7,3,-1.849186070128037,-0.746602093888051
756,Shiinotic,,Grass,Fairy,405,60,45,80,90,100,30,7,2,-0.10356327711149237,-0.7699386762796129
757,Salandit,,Poison,Fire,320,48,44,40,71,40,77,7,3,-1.6391678354736288,1.249287731188005
758,Salazzle,,Poison,Fire,480,68,64,60,111,60,117,7,1,0.58478835734016,2.1184706050856166
759,Stufful,,Normal,Fighting,340,70,75,50,45,50,50,7,3,-1.1976809763764957,-0.19165814531463793
760,Bewear,,Normal,Fighting,500,120,125,80,55,60,60,7,0,1.1547964510003375,-0.8238655639292308
761,Bounsweet,,Grass,,210,42,30,38,30,38,32,7,3,-3.075242784951204,-0.2646672473559361
762,Steenee,,Grass,,290,52,40,48,40,48,62,7,3,-2.004985771552493,0.28854107080574665
763,Tsareena,,Grass,,510,72,120,98,50,98,72,7,0,1.2493652265292867,-0.9132945563627413
764,Comfey,,Fairy,,485,51,52,90,82,110,100,7,4,0.7762165135890842,0.6240924165331357
765,Oranguru,,Normal,Psychic,490,90,60,80,90,110,60,7,4,1.0771109039226672,-0.24615076468693076
766,Passimian,,Fighting,,490,100,120,90,40,60,80,7,0,0.8875273207308064,-0.6213751625622393
767,Wimpod,,Bug,Water,230,25,35,40,20,30,80,7,3,-3.0223836477340833,0.8366631912779894
768,Golisopod,,Bug,Water,530,75,125,140,60,90,40,7,2,1.6120124561232727,-2.3845420448723225
769,Sandygast,,Ghost,Ground,320,55,55,80,70,45,15,7,3,-1.410544363632341,-1.1626113081768845
770,Palossand,,Ghost,Ground,480,85,75,110,100,75,35,7,2,0.9180124781470875,-1.1941639379302385
771,Pyukumuku,,Water,,410,55,60,130,30,130,5,7,2,0.06910446007551041,-3.3033790447878006
772,Type: Null,,Normal,,534,95,95,95,95,95,59,7,4,1.6827656290960578,-0.579336768044054
773,Silvally,,Normal,,570,95,95,95,95,95,95,7,4,2.061120265914135,0.30966313124219813
775,Komala,,Normal,,480,65,115,65,75,95,65,7,0,0.8636068449872518,-0.06495622796235008
776,Turtonator,,Fire,Dragon,485,60,78,135,91,85,36,7,2,0.9463559358966902,-1.731989979640216
777,Togedemaru,,Electric,Steel,435,65,98,63,40,73,96,7,1,0.030502474089931664,0.45498311882975273
778,Mimikyu,,Ghost,Fairy,476,55,90,80,50,105,96,7,1,0.666398237709214,0.17432316889797642
779,Bruxish,,Water,Psychic,475,68,105,70,70,70,92,7,1,0.6231665043933932,0.5812891255506278
780,Drampa,,Normal,Dragon,485,78,60,85,135,91,36,7,4,1.0430103036477547,-0.22520457328020946
781,Dhelmise,,Ghost,Grass,517,70,131,100,86,90,40,7,0,1.4636464035403436,-1.2771501592869319
782,Jangmo-o,,Dragon,,300,45,55,65,45,45,45,7,3,-1.823470055874551,-0.4128882099682309
783,Hakamo-o,,Dragon,Fighting,420,55,75,90,65,70,65,7,2,-0.11146665529164826,-0.3760314338857371
784,Kommo-o,,Dragon,Fighting,600,75,110,125,100,105,85,7,4,2.502170338038946,-0.4813524869392182
785,Tapu Koko,,Electric,Fairy,570,70,115,85,95,75,130,7,1,1.853730549225815,1.4810390301492367
786,Tapu Lele,,Psychic,Fairy,570,70,85,75,130,115,95,7,4,2.096553058610416,1.1886778529371271
787,Tapu Bulu,,Grass,Fairy,570,70,130,115,85,95,75,7,0,2.0879161678327742,-0.7362948573671414
788,Tapu Fini,,Water,Fairy,570,70,75,115,95,130,85,7,4,2.121043292716231,-0.3159316657681221
789,Cosmog,,Psychic,,200,43,29,31,29,31,37,7,3,-3.247733253498175,0.01402433615136671
790,Cosmoem,,Psychic,,400,43,29,131,29,131,37,7,2,-0.22439540449809928,-2.387984529354569
791,Solgaleo,,Psychic,Steel,680,137,137,107,113,89,97,7,0,3.6916755185816243,0.06633694850158446
792,Lunala,,Psychic,Ghost,680,137,113,89,137,107,97,7,4,3.752051221792692,0.7311384831029207
793,Nihilego,,Rock,Poison,570,109,53,47,127,131,103,7,4,2.1804397666308866,1.7885044805426213
794,Buzzwole,,Bug,Fighting,570,107,139,139,53,53,79,7,0,1.9998625619804218,-1.4969069263316659
795,Pheromosa,,Bug,Fighting,570,71,137,37,137,37,151,7,1,1.7459013484113253,3.5594364605414324
796,Xurkitree,,Electric,,570,83,89,71,173,71,83,7,4,2.075538847715505,1.6592086315085435
797,Celesteela,,Steel,Flying,570,97,101,103,107,101,61,7,4,2.208059087221375,-0.5890510811845213
798,Kartana,,Grass,Steel,570,59,181,131,59,31,109,7,0,1.7773877725404565,-0.39589200980495837
799,Guzzlord,,Dark,Dragon,570,223,101,53,97,53,43,7,0,2.400913326166125,-0.45287218847704913
800,Necrozma,,Psychic,,600,97,107,101,127,89,79,7,4,2.5505823343700746,0.18362471218330295
801,Magearna,,Steel,Fairy,600,80,95,115,130,115,65,7,4,2.6254356647230943,-0.40494814450779876
802,Marshadow,,Fighting,Ghost,600,90,125,80,90,90,125,7,1,2.377178741075149,1.2075524796505104
803,Poipole,,Poison,,420,67,73,67,73,67,73,7,1,-0.10798207615648896,0.3462717450226504
804,Naganadel,,Poison,Dragon,540,73,73,73,127,73,121,7,1,1.4662869339989224,2.0574621531756496
805,Stakataka,,Rock,Steel,570,61,131,211,53,101,13,7,2,2.2305128821920546,-4.539718421511415
806,Blacephalon,,Fire,Ghost,570,53,127,53,151,79,107,7,1,1.9756418227967392,2.255178792259909
807,Zeraora,,Electric,,600,88,112,75,102,80,143,7,1,2.2851633300683964,2.0054431922736105
808,Meltan,,Steel,,300,46,65,65,55,35,34,7,3,-1.7975471261343305,-0.551524094231394
809,Melmetal,,Steel,,600,135,143,143,80,65,34,7,0,2.6830622915768476,-2.516769714850698
810,Grookey,,Grass,,310,50,65,50,40,40,65,8,3,-1.746275866837227,0.2746051351444824
811,Thwackey,,Grass,,420,70,85,70,55,60,80,8,1,-0.1521149326801164,0.20560812973226944
812,Rillaboom,,Grass,,530,100,125,90,60,70,85,8,0,1.4747193525750733,-0.3059051438649754
813,Scorbunny,,Fire,,310,50,71,40,40,40,69,8,3,-1.7509141947039477,0.5451831951304047
814,Raboot,,Fire,,420,65,86,60,55,60,94,8,1,-0.20455880261036566,0.7610063961608251
815,Cinderace,,Fire,,530,80,116,75,65,75,119,8,1,1.3370068406544946,0.976616276278147
816,Sobble,,Water,,310,50,40,40,70,40,70,8,3,-1.7541719071355315,1.070903568769131
817,Drizzile,,Water,,420,65,60,55,95,55,90,8,1,-0.19145075595714886,1.392965874575962
818,Inteleon,,Water,,530,70,85,65,125,65,120,8,1,1.3125906452736387,2.1658383911420844
819,Skwovet,,Normal,,275,70,55,55,35,35,25,8,3,-2.084611760075605,-0.8906993138800671
820,Greedent,,Normal,,460,120,95,95,55,75,20,8,0,0.7483292069633831,-2.05964456650747
821,Rookidee,,Flying,,245,38,47,35,33,35,57,8,3,-2.6737722923804927,0.4149429571514071
822,Corvisquire,,Flying,,365,68,67,55,43,55,77,8,3,-0.9411884219719269,0.366936143437594
823,Corviknight,,Flying,Steel,495,98,87,105,53,85,67,8,0,1.0476187187613486,-1.0506253902776506
824,Blipbug,,Bug,,180,25,20,20,25,45,45,8,3,-3.5541786779869637,0.41228119008093156
825,Dottler,,Bug,Psychic,335,50,35,80,50,90,30,8,3,-1.164391031481538,-1.1615566428254782
826,Orbeetle,,Bug,Psychic,505,60,45,110,80,120,90,8,4,1.1194682688697735,-0.09126177784872001
827,Nickit,,Dark,,245,40,28,28,47,52,50,8,3,-2.5973884994259557,0.5430832878951992
828,Thievul,,Dark,,455,70,58,58,87,92,90,8,1,0.4024508597161757,1.050373100765977
829,Gossifleur,,Grass,,250,40,40,60,40,60,10,8,3,-2.3798376561608077,-1.2378290600010167
830,Eldegoss,,Grass,,460,60,50,90,80,120,60,8,4,0.6082500354946083,-0.46229110872851303
831,Wooloo,,Normal,,270,42,40,55,40,45,48,8,3,-2.267514791042968,-0.1410628893996152
832,Dubwool,,Normal,,490,72,80,100,60,90,88,8,1,0.870969408957526,-0.24222221337842237
833,Chewtle,,Water,,284,50,64,50,38,38,44,8,3,-2.044547375013482,-0.25671219448067173
834,Drednaw,,Water,Rock,485,90,115,90,48,68,74,8,0,0.8435711194916894,-0.6465973454328346
835,Yamper,,Electric,,270,59,45,50,40,50,26,8,3,-2.1381129035486874,-0.694038445546462
836,Boltund,,Electric,,490,69,90,60,90,60,121,8,1,0.7153989931598065,1.8466020620404724
837,Rolycoly,,Rock,,240,30,40,50,40,50,30,8,3,-2.6312578983618757,-0.46542109160557765
838,Carkol,,Rock,Fire,410,80,60,90,60,70,50,8,2,-0.16410246310035487,-0.8502574519255697
839,Coalossal,,Rock,Fire,510,110,80,120,80,90,30,8,2,1.4294994676878803,-1.9519746882802838
840,Applin,,Grass,Dragon,260,40,40,80,40,40,20,8,3,-2.341036683520714,-1.2875240385226818
841,Flapple,,Grass,Dragon,485,70,110,80,95,60,70,8,1,0.8309690051525591,0.18413023466210376
842,Appletun,,Grass,Dragon,485,110,85,80,100,80,30,8,0,1.0902896585120774,-0.8910545206704067
843,Silicobra,,Ground,,315,52,57,75,35,50,46,8,3,-1.6005132918165597,-0.7680613333073321
844,Sandaconda,,Ground,,510,72,107,125,65,70,71,8,2,1.1623269470585762,-1.0927034885575584
845,Cramorant,,Flying,Water,475,70,85,55,85,95,85,8,1,0.7260988090237328,0.8446613009200421
846,Arrokuda,,Water,,280,41,63,40,40,30,66,8,3,-2.2107598560597017,0.5814735535672354
847,Barraskewda,,Water,,490,61,123,60,60,50,136,8,1,0.6209511882689505,1.785101282197318
848,Toxel,,Electric,Poison,242,40,38,35,54,35,40,8,3,-2.6441340825646966,0.2906516213464984
850,Sizzlipede,,Fire,Bug,305,50,65,45,50,50,45,8,3,-1.7092082712361039,-0.03976661105317073
851,Centiskorch,,Fire,Bug,525,100,115,65,90,90,65,8,0,1.5574577685614128,0.016391501006693898
852,Clobbopus,,Fighting,,310,50,68,60,50,50,32,8,3,-1.5999901844038966,-0.6634147898084424
853,Grapploct,,Fighting,,480,80,118,90,70,80,42,8,0,0.9162224343908519,-1.1825393644069906
854,Sinistea,,Ghost,,308,40,45,45,74,54,50,8,3,-1.68952821302628,0.4865003549720643
855,Polteageist,,Ghost,,508,60,65,65,134,114,70,8,4,1.2888352531910408,0.9346870883328028
856,Hatenna,,Psychic,,265,42,30,45,56,53,39,8,3,-2.274116214472583,0.03695233962867551
857,Hattrem,,Psychic,,370,57,40,65,86,73,49,8,3,-0.7384415112797239,0.09356688435999137
858,Hatterene,,Psychic,Fairy,510,57,90,95,136,103,29,8,4,1.4250839232729349,-0.666453587153072
859,Impidimp,,Dark,Fairy,265,45,45,30,55,40,50,8,3,-2.3255702509611513,0.579226183905657
860,Morgrem,,Dark,Fairy,370,65,60,45,75,55,70,8,3,-0.8298794709357077,0.8366822631509164
861,Grimmsnarl,,Dark,Fairy,510,95,120,65,95,75,60,8,0,1.320326969330543,0.026436411125733493
862,Obstagoon,,Dark,Normal,520,93,90,101,60,81,95,8,0,1.2880503978724525,-0.1653422697251224
863,Perrserker,,Steel,,440,70,110,100,50,60,50,8,0,0.22926883124508052,-1.2757530909701993
864,Cursola,,Ghost,,510,60,95,50,145,130,30,8,4,1.536013926194069,0.19365520490877705
865,Sirfetch'd,,Fighting,,507,62,135,95,68,82,65,8,0,1.1918112043066031,-0.7412147932319781
866,Mr. Rime,,Ice,Psychic,520,80,85,75,110,100,70,8,4,1.447839159056812,0.3452543841386968
867,Runerigus,,Ground,Ghost,483,58,95,145,50,105,30,8,2,0.9686467292949752,-2.7484140181343983
868,Milcery,,Fairy,,270,45,40,40,50,61,34,8,3,-2.1535507879239755,-0.15206752508249183
869,Alcremie,,Fairy,,495,65,60,75,110,121,64,8,4,1.131799950600414,0.2516731867124294
870,Falinks,,Fighting,,470,65,100,100,70,60,75,8,0,0.5594879275802742,-0.34514452379369726
871,Pincurchin,,Electric,,435,48,101,95,91,85,15,8,2,0.33314550059974934,-1.5136468488359307
872,Snom,,Ice,Bug,185,30,25,35,45,30,20,8,3,-3.4201048679838078,-0.20878011679580563
873,Frosmoth,,Ice,Bug,475,70,65,60,125,90,65,8,4,0.7935565234621743,0.8647894223386667
874,Stonjourner,,Rock,,470,100,125,135,20,20,70,8,0,0.49675311629801483,-1.83410025105345
878,Cufant,,Steel,,330,72,80,49,40,49,40,8,3,-1.3013036527473458,-0.5051265560575637
879,Copperajah,,Steel,,500,122,130,69,80,69,30,8,0,1.3145843026748574,-1.0979205043473497
880,Dracozolt,,Electric,Dragon,505,90,100,90,80,70,75,8,0,1.1376649839981452,-0.16429291331323345
881,Arctozolt,,Electric,Ice,505,90,100,90,90,80,55,8,0,1.2420288336258765,-0.5757948055222936
882,Dracovish,,Water,Dragon,505,90,90,100,70,80,75,8,0,1.146654548836728,-0.49538800407893185
883,Arctovish,,Water,Ice,505,90,90,100,80,90,55,8,0,1.2510183984644592,-0.9068898962879919
884,Duraludon,,Steel,Dragon,535,70,95,115,120,50,85,8,1,1.439211314682464,0.29754526651208807
885,Dreepy,,Dragon,Ghost,270,28,60,30,40,30,82,8,3,-2.428220656879339,1.2318886348320714
886,Drakloak,,Dragon,Ghost,410,68,80,50,60,50,102,8,1,-0.3895337154797985,1.273891107465746
887,Dragapult,,Dragon,Ghost,600,88,120,75,100,75,142,8,1,2.2786386234359886,1.9481068760072173
890,Eternatus,,Poison,Dragon,690,140,85,95,145,95,130,8,4,3.7333140409605914,1.6806074761134893
891,Kubfu,,Fighting,,385,60,90,60,53,50,72,8,3,-0.6539126087515531,0.24218955944486295
893,Zarude,,Dark,Grass,600,105,120,105,70,95,105,8,0,2.459357345926566,-0.09037315896012081
894,Regieleki,,Electric,,580,80,100,50,100,50,200,8,1,1.7118994846475506,4.086407969107714
895,Regidrago,,Dragon,,580,200,100,50,100,50,80,8,0,2.362119094987194,0.6632559845904104
896,Glastrier,,Ice,,580,100,145,130,65,110,30,8,0,2.4724717361949713,-2.635605875096648
897,Spectrier,,Ghost,,580,100,65,60,145,80,130,8,4,2.080445182829964,2.657569047698005
898,Calyrex,,Psychic,Grass,500,100,80,80,80,80,80,8,0,1.0895972320088947,0.14404740558880685
899,Wyrdeer,,Normal,Psychic,525,103,105,72,105,75,65,8,0,1.5215504152822865,0.16774934763369326
900,Kleavor,,Bug,Rock,500,70,135,95,45,70,85,8,0,0.990460410307895,-0.5180051770759775
901,Ursaluna,,Ground,Normal,550,130,140,105,45,80,50,8,0,1.9539125893588323,-1.8711376802344253
903,Sneasler,,Fighting,Poison,510,80,130,60,40,80,120,8,1,1.0675840624886168,0.8965053570999122
904,Overqwil,,Dark,Poison,510,85,115,95,65,65,85,8,0,1.1461049213366816,-0.22099052058224972
906,Sprigatito,,Grass,,310,40,61,54,45,45,65,9,3,-1.7530517570607766,0.29138607002343747
907,Floragato,,Grass,,410,61,80,63,60,63,83,9,1,-0.3076853989704347,0.5192583378956349
908,Meowscarada,,Grass,Dark,530,76,110,70,81,70,123,9,1,1.3111625342742552,1.4386058407371156
909,Fuecoco,,Fire,,310,67,45,59,63,40,36,9,3,-1.6145105662744192,-0.31148896540953186
910,Crocalor,,Fire,,411,81,55,78,90,58,49,9,3,-0.1542880419342494,-0.18684338331571182
911,Skeledirge,,Fire,Ghost,530,104,75,100,110,75,66,9,4,1.5586835527692942,-0.1788530925251213
912,Quaxly,,Water,,310,55,65,45,50,45,50,9,3,-1.6608879156681036,0.08751676999090147
913,Quaxwell,,Water,,410,70,85,65,65,60,65,9,1,-0.23023935881216245,0.060649186296597705
914,Quaquaval,,Water,Fighting,530,85,120,80,85,75,85,9,0,1.478858935987502,0.26239772791503335
915,Lechonk,,Normal,,254,54,45,40,35,45,35,9,3,-2.4150389263162677,-0.29956252461193916
917,Tarountula,,Bug,,210,35,41,45,29,40,20,9,3,-3.0386012904611155,-0.7333575138739351
918,Spidops,,Bug,,404,60,79,92,52,86,35,9,2,-0.18407152300575338,-1.4301799456423296
919,Nymble,,Bug,,210,33,46,40,21,25,45,9,3,-3.170813240916254,-0.0636704788428744
920,Lokix,,Bug,Dark,450,71,102,78,52,55,92,9,1,0.2187809830208749,0.26353674490381374
921,Pawmi,,Electric,,240,45,50,20,40,25,60,9,3,-2.753643240497454,0.8781338157850437
922,Pawmo,,Electric,Fighting,350,60,75,40,50,40,85,9,3,-1.218043656618984,1.0153302154111692
923,Pawmot,,Electric,Fighting,490,70,115,70,70,60,105,9,1,0.7704346132191252,0.9031604806653026
924,Tandemaus,,Normal,,305,50,50,45,40,45,75,9,3,-1.844389912452191,0.6518593969210351
926,Fidough,,Fairy,,312,37,55,70,30,55,65,9,3,-1.7258916766042436,-0.2239068213274694
927,Dachsbun,,Fairy,,477,57,80,115,50,80,95,9,2,0.5929410414808814,-0.3856611272504494
928,Smoliv,,Grass,Normal,260,41,35,45,58,51,30,9,3,-2.3155552447619314,-0.16532884986563315
929,Dolliv,,Grass,Normal,354,52,53,60,78,78,33,9,3,-0.8966401418388459,-0.35955056734488666
930,Arboliva,,Grass,Normal,510,78,69,90,125,109,39,9,4,1.42882297997473,-0.49296199769300447
932,Nacli,,Rock,,280,55,55,75,35,35,25,9,3,-2.054351960602493,-1.2217425245636366
933,Naclstack,,Rock,,355,60,60,100,35,65,35,9,2,-0.9566442974110632,-1.6361464117098372
934,Garganacl,,Rock,,500,100,100,130,45,90,35,9,2,1.2365384304271687,-2.5084575586360427
935,Charcadet,,Fire,,255,40,50,40,50,40,35,9,3,-2.4284147303312893,-0.04917204151371642
936,Armarouge,,Fire,Psychic,525,85,60,100,125,80,75,9,4,1.434946692275815,0.34187255740174705
937,Ceruledge,,Fire,Ghost,525,75,125,80,60,100,85,9,0,1.445141980673362,-0.15367101315540382
938,Tadbulb,,Electric,,272,61,31,41,59,35,45,9,3,-2.2054914614929797,0.30746643101618887
939,Bellibolt,,Electric,,495,109,64,91,103,83,45,9,4,1.166727379625998,-0.6271663148988837
940,Wattrel,,Electric,Flying,280,40,40,35,55,40,70,9,3,-2.200981028770828,1.0138606608052871
941,Kilowattrel,,Electric,Flying,490,70,70,60,105,60,125,9,1,0.7005468812274062,2.208905968701163
942,Maschiff,,Dark,,340,60,78,60,40,51,51,9,3,-1.2245403759413378,-0.4028935731752405
943,Mabosstiff,,Dark,,505,80,120,90,60,70,85,9,0,1.08289008365098,-0.21055198052868734
944,Shroodle,,Poison,Normal,290,40,65,35,40,35,75,9,3,-2.0862202348687506,0.8742285358190349
945,Grafaiai,,Poison,Normal,485,63,95,65,80,72,110,9,1,0.6992490516768387,1.2986510930495723
946,Bramblin,,Grass,Ghost,275,40,65,30,45,35,60,9,3,-2.237754457618511,0.6651058247556
947,Brambleghast,,Grass,Ghost,480,55,115,70,80,70,90,9,1,0.6884225013271575,0.6726081700525023
948,Toedscool,,Ground,Grass,335,40,40,35,50,100,70,9,3,-1.2679431643077947,0.6740533260108457
949,Toedscruel,,Ground,Grass,515,80,70,65,80,120,100,9,4,1.3037790154336306,0.8596341273052146
950,Klawf,,Rock,,450,70,100,115,35,55,75,9,2,0.24327921379048031,-1.0818701624123899
951,Capsakid,,Grass,,304,50,62,40,62,40,50,9,3,-1.759470423161167,0.3919993793389757
952,Scovillain,,Grass,Fire,486,65,108,65,108,65,75,9,1,0.847418943572835,0.7694941701609243
953,Rellor,,Bug,,270,41,50,60,31,58,30,9,3,-2.172873550386012,-0.8915120458198532
954,Rabsca,,Bug,Psychic,470,75,50,85,115,100,45,9,4,0.8006172553908697,-0.25202739833186766
955,Flittle,,Psychic,,255,30,35,30,55,30,75,9,3,-2.6160150956991512,1.3374385240069249
956,Espathra,,Psychic,,481,95,60,60,101,60,105,9,1,0.6833060910416188,1.6053238304324702
957,Tinkatink,,Fairy,Steel,297,50,45,45,35,64,58,9,3,-1.8510210638603144,0.09931965721441573
958,Tinkatuff,,Fairy,Steel,380,65,55,55,45,82,78,9,3,-0.6720278003336415,0.34967195883145197
959,Tinkaton,,Fairy,Steel,506,85,75,77,70,105,94,9,4,1.156703462746302,0.381062693558709
960,Wiglett,,Water,,245,10,55,25,35,25,95,9,3,-2.8761418560246232,1.6965425654432098
961,Wugtrio,,Water,,425,35,100,50,50,70,120,9,1,-0.24427965955391706,1.549765892113471
962,Bombirdier,,Flying,Dark,485,70,103,85,60,85,82,9,0,0.8273008484666434,-0.1544611395727154
963,Finizen,,Water,,315,70,45,40,45,40,75,9,3,-1.6768423661863854,0.7782037755282284
965,Varoom,,Steel,Poison,300,45,70,63,30,45,47,9,3,-1.8298113050538911,-0.5732885677139093
966,Revavroom,,Steel,Poison,500,80,119,90,54,67,90,9,0,0.9823727370867082,-0.14655078198542534
967,Cyclizar,,Dragon,Normal,501,70,95,65,85,65,121,9,1,0.8823467501806497,1.6397893607263978
968,Orthworm,,Steel,,480,70,85,145,60,55,65,9,2,0.6892202705724592,-1.5346266202497865
969,Glimmet,,Rock,Poison,350,48,35,42,105,60,60,9,3,-1.0881197946986607,1.1687525935367662
970,Glimmora,,Rock,Poison,525,83,55,90,130,81,86,9,4,1.4010274608108515,0.8937217310166085
971,Greavard,,Ghost,,290,50,61,60,30,55,34,9,3,-1.8913062691841056,-0.8674479425614091
972,Houndstone,,Ghost,,488,72,101,100,50,97,68,9,2,0.9390734053949586,-0.9752069929250865
973,Flamigo,,Flying,Fighting,500,82,115,74,75,64,90,9,1,0.9982703317626331,0.454845370280577
974,Cetoddle,,Ice,,334,108,68,45,30,40,43,9,3,-1.2238068775692252,-0.5333458133088753
975,Cetitan,,Ice,,521,170,113,65,45,55,73,9,0,1.479433357143646,-0.46347586976940963
976,Veluza,,Water,Psychic,478,90,102,73,78,65,70,9,0,0.7723788334887733,0.03229549889604871
977,Dondozo,,Water,,530,150,100,115,65,65,35,9,0,1.7053530514789583,-2.0371518083115134
979,Annihilape,,Fighting,Ghost,535,110,115,80,50,90,90,9,0,1.5940979110231837,-0.2092662857866627
980,Clodsire,,Poison,Ground,430,130,75,60,45,100,20,9,0,0.41602325176222915,-1.5863641528297923
981,Farigiraf,,Normal,Psychic,520,120,90,70,110,70,60,9,0,1.4826167886977744,0.16127223611267388
983,Kingambit,,Dark,Steel,550,100,135,120,60,85,50,9,0,1.9087886330355532,-1.8593357004049198
984,Great Tusk,,Ground,Fighting,570,115,131,131,53,53,87,9,0,1.9864744444632838,-1.1446510938327854
985,Scream Tail,,Fairy,Psychic,570,115,65,99,65,115,111,9,4,2.0571317345194142,0.1858697812655668
986,Brute Bonnet,,Grass,Dark,570,111,127,99,79,99,55,9,0,2.250480760040545,-1.1606148032427057
987,Flutter Mane,,Ghost,Fairy,570,55,55,55,135,135,135,9,4,1.9781553366129419,2.7070360479118944
988,Slither Wing,,Bug,Fighting,570,85,135,79,85,105,81,9,0,2.146371051870652,-0.010925789614017927
989,Sandy Shocks,,Electric,Ground,570,85,81,97,121,85,101,9,4,2.000669583914502,0.8892948212754542
990,Iron Treads,,Ground,Steel,570,90,112,120,72,70,106,9,0,1.925621767465104,-0.1291281237825516
991,Iron Bundle,,Ice,Water,570,56,80,114,124,60,136,9,1,1.745439771080286,1.691573784309544
992,Iron Hands,,Fighting,Electric,570,154,140,108,50,68,50,9,0,2.248690952789675,-1.9020870841594637
993,Iron Jugulis,,Dark,Flying,570,94,80,86,122,80,108,9,4,1.9857007704125742,1.2809021939046819
994,Iron Moth,,Fire,Poison,570,80,70,60,140,110,110,9,4,2.0547575542000405,2.0196144958459628
995,Iron Thorns,,Rock,Electric,570,100,134,110,70,84,72,9,0,2.1208058503504215,-0.985132764339272
996,Frigibax,,Dragon,Ice,320,65,75,45,35,45,55,9,3,-1.522759945826079,-0.05725390460664656
997,Arctibax,,Dragon,Ice,423,90,95,66,45,65,62,9,0,0.0070133732146180775,-0.42655536447764614
998,Baxcalibur,,Dragon,Ice,600,115,145,92,75,86,87,9,0,2.5432474593244874,-0.3087260027799166
1000,Gholdengo,,Steel,Ghost,550,87,60,95,133,91,84,9,4,1.796066872124648,0.7057164026769728
1001,Wo-Chien,,Dark,Grass,570,85,85,100,95,135,70,9,4,2.2308272471782544,-0.5128388541028758
1002,Chien-Pao,,Dark,Ice,570,80,120,80,90,65,135,9,1,1.8303782680168692,1.6263832968666123
1003,Ting-Lu,,Dark,Ground,570,155,110,125,55,80,45,9,0,2.276002757497948,-2.2382985664075608
1004,Chi-Yu,,Dark,Fire,570,55,80,80,135,120,100,9,4,2.061491472745436,1.3324074244060637
1005,Roaring Moon,,Dragon,Dark,590,105,139,71,55,101,119,9,0,2.307692900088099,0.6246550283964527
1006,Iron Valiant,,Fairy,Fighting,590,74,130,90,120,60,116,9,1,2.1728262880938787,1.3564391348887026
1007,Koraidon,,Fighting,Dragon,670,100,135,115,85,100,135,9,0,3.353490614299272,0.5887299319350621
1008,Miraidon,,Electric,Dragon,670,100,85,100,135,115,135,9,4,3.4046885995367866,1.6400138096573529
1009,Walking Wake,,Water,Dragon,590,99,83,91,125,83,109,9,4,2.281474263412145,1.2027934479922935
1010,Iron Leaves,,Grass,Psychic,590,90,130,88,70,108,104,9,0,2.345703301306878,0.1754961652673452
1011,Dipplin,,Grass,Dragon,485,80,80,110,95,80,40,9,2,0.9746431496016162,-1.1573833356538812
1012,Poltchageist,,Grass,Ghost,308,40,45,45,74,54,50,9,3,-1.68952821302628,0.4865003549720643
1013,Sinistcha,,Grass,Ghost,508,71,60,106,121,80,70,9,4,1.1814282358421857,0.10415870832290076
1014,Okidogi,,Poison,Fighting,555,88,128,115,58,86,80,9,0,1.8504907066434153,-0.9794466410742447
1015,Munkidori,,Poison,Psychic,555,88,75,66,130,90,106,9,4,1.811860603629499,1.7184629431983043
1016,Fezandipiti,,Poison,Fairy,555,88,91,82,70,125,99,9,4,1.8942559718283738,0.24413476238885826
1018,Archaludon,,Steel,Dragon,600,90,105,130,125,65,85,9,4,2.431213370987281,-0.11266212454253792
1019,Hydrapple,,Grass,Dragon,540,106,80,110,120,80,44,9,4,1.7978685789455053,-0.8374141780886047
1020,Gouging Fire,,Fire,Dragon,590,105,115,121,65,93,91,9,0,2.3473470790935003,-0.7831707924543843
1021,Raging Bolt,,Electric,Dragon,590,125,73,91,137,89,75,9,4,2.4685800219685303,0.42741700146920675
1022,Iron Boulder,,Rock,Psychic,590,90,120,80,68,108,124,9,1,2.2723377698457097,0.8365610558117192
1023,Iron Crown,,Steel,Psychic,590,90,72,100,122,108,98,9,4,2.3577742540678326,0.6786336683221086
1025,Pecharunt,,Poison,Ghost,600,88,88,160,88,88,88,9,2,2.428144328836337,-1.130534610979475
